,Job,PA1,PA5,PA2,PA3,PA7,PA4,PA6
1,Chief Executives,0.973,2.971,-0.05,0.1,-0.618,0.014,0.7
2,Chief Sustainability Officers,0.822,1.632,-0.66,-0.438,-0.646,0.683,0.222
3,General and Operations Managers,-0.122,1.989,-0.06,0.296,-1.623,-0.733,1.042
5,Advertising and Promotions Managers,-0.058,0.368,-0.191,-0.654,-1.586,1.747,0.811
7,Marketing Managers,-0.054,1.896,-0.912,-0.647,-1.061,1.007,0.858
8,Sales Managers,-0.029,2.557,-0.48,-0.438,-1.139,0.322,0.171
9,Public Relations and Fundraising Managers,-0.384,1.395,0.115,-0.889,-1.057,1.487,0.891
10,Administrative Services Managers,-0.121,1.325,-0.253,-0.66,-0.056,-0.69,0.791
11,Computer and Information Systems Managers,0.427,1.319,-0.691,-0.674,-0.101,-0.227,1.232
13,Treasurers and Controllers,1.175,1.474,-1.082,-1.019,0.176,-0.824,0.245
14,"Financial Managers, Branch or Department",0.081,1.731,-0.389,-1.024,-0.622,-0.81,0.223
15,Industrial Production Managers,0.299,2.131,-0.136,0.572,-0.391,-0.378,0.767
16,Quality Control Systems Managers,1,0.487,-0.371,0.288,0.636,-0.416,1.492
17,Geothermal Production Managers,0.733,1.462,0.08,1.188,-0.529,-0.135,0.619
18,Biofuels Production Managers,0.556,1.023,-0.294,1.278,-1.192,-0.384,1.209
19,Biomass Power Plant Managers,0.613,1.238,-0.035,1.474,-0.797,-0.538,1.151
21,Hydroelectric Production Managers,0.607,1.619,-0.592,0.81,-0.835,-0.591,0.34
22,Purchasing Managers,-0.252,2.414,-0.835,-0.897,-1.27,-0.55,0.543
24,Transportation Managers,-0.04,1.605,-0.225,0.085,-0.887,-0.219,1.211
25,Storage and Distribution Managers,0.047,1.932,-0.511,0.196,-0.732,-0.318,0.17
26,Logistics Managers,0.212,1.918,-0.864,-0.008,-0.971,-0.478,0.311
27,Compensation and Benefits Managers,0.209,1.371,-0.406,-1.294,-0.537,-0.777,-0.13
28,Human Resources Managers,-0.065,2.774,0.35,-0.79,-0.487,-0.273,-0.301
29,Training and Development Managers,-0.091,2.045,0.266,-0.646,-0.312,0.933,0.362
31,Nursery and Greenhouse Managers,0.177,2.168,-0.078,1.287,0.036,0.957,0.64
32,Farm and Ranch Managers,0.502,0.714,-0.804,1.264,-0.935,-0.268,0.026
33,Aquacultural Managers,0.443,1.724,-0.513,0.395,0.424,-0.158,-0.327
34,Construction Managers,0.111,2.011,-0.7,0.23,-1.033,-0.963,0.487
35,"Education Administrators, Preschool and Childcare Center/Program",-0.152,1.695,0.758,-0.466,-0.654,0.386,0.424
36,"Education Administrators, Elementary and Secondary School",0.407,2.296,0.867,-0.247,-1.16,0.502,0.297
37,"Education Administrators, Postsecondary",0.414,1.596,0.32,-0.572,-1.319,0.571,0.287
39,Distance Learning Coordinators,-0.029,1.772,-0.609,-1.047,0.089,0.528,0.422
40,Fitness and Wellness Coordinators,-0.298,1.586,0.818,-0.496,-0.788,0.176,-0.593
41,Architectural and Engineering Managers,0.779,1.347,-0.459,-0.212,-0.297,-0.069,0.538
42,Biofuels/Biodiesel Technology and Product Development Managers,1.158,0.549,-1.028,0.291,0.45,0.125,0.775
43,Food Service Managers,-0.842,0.712,0.612,-0.54,0.445,-0.531,1.325
44,Funeral Service Managers,-0.551,0.266,1.476,0.006,-1.036,-0.209,-0.087
45,Gaming Managers,-0.319,1.978,0.288,-0.288,-0.502,-0.713,0.819
46,Lodging Managers,0.003,2.272,0.441,-0.628,-0.038,-0.107,0.825
47,Medical and Health Services Managers,0.45,1.833,-0.077,-0.687,-0.579,-0.544,0.205
48,Natural Sciences Managers,1.028,0.562,-0.57,-0.031,-0.988,-0.316,0.401
49,Clinical Research Coordinators,0.304,1.301,-0.618,-0.993,0.066,-0.375,0.892
50,Water Resource Specialists,1.341,0.435,-1.327,-0.5,-0.422,-0.583,-0.156
51,Postmasters and Mail Superintendents,-0.395,2.131,0.468,-0.306,-0.907,-1.007,0.731
52,"Property, Real Estate, and Community Association Managers",-0.69,2.331,-0.256,-0.639,-1.178,-0.678,-0.347
53,Social and Community Service Managers,0.14,1.248,1.045,-0.452,-0.555,0.604,0.921
54,Emergency Management Directors,0.455,2.348,0.036,0.309,-1.353,0.134,0.577
56,Regulatory Affairs Managers,0.165,1.449,-1.081,-0.958,-1.068,-0.38,0.909
57,Compliance Managers,0.035,1.76,-0.148,-0.493,-0.272,-0.929,0.398
58,Investment Fund Managers,1.258,0.279,-1.224,-1.184,-0.511,-0.556,-0.374
59,Supply Chain Managers,0.277,2.245,-0.837,-0.481,-1.071,-0.432,0.718
60,Security Managers,0.3,1.933,0.105,0.324,-0.561,-0.525,0.028
61,Loss Prevention Managers,0.12,2.91,-0.088,-0.466,0.621,-0.481,0.101
62,Wind Energy Operations Managers,0.264,1.53,-0.6,0.737,-1.396,-0.542,0.745
63,Wind Energy Project Managers,0.101,1.393,-0.898,-0.448,-1.524,-0.41,0.257
64,Brownfield Redevelopment Specialists and Site Managers,0.946,1.262,-1.105,0.031,-0.936,-0.375,0.419
65,"Agents and Business Managers of Artists, Performers, and Athletes",-0.618,2.355,0.144,-1.109,-0.117,1.048,-0.682
66,"Buyers and Purchasing Agents, Farm Products",-0.016,1.134,-0.837,-0.541,-0.764,-0.462,0.588
67,"Wholesale and Retail Buyers, Except Farm Products",-0.394,1.031,-0.657,-1.02,-0.649,-0.705,0.338
68,"Purchasing Agents, Except Wholesale, Retail, and Farm Products",0.142,1.535,-0.551,-0.712,-0.698,-0.843,-0.264
70,"Claims Examiners, Property and Casualty Insurance",-0.04,1.121,-0.267,-1.313,0.417,-0.968,0.185
71,"Insurance Adjusters, Examiners, and Investigators",0.051,0.533,0.023,-1.274,0.037,-1.506,-1.013
72,"Insurance Appraisers, Auto Damage",-0.719,1.045,-0.327,-0.019,-0.779,-1.349,-1.114
74,Environmental Compliance Inspectors,1.111,0.043,-0.331,0.523,-0.642,-1.074,-0.743
75,Licensing Examiners and Inspectors,0.039,0.034,0.715,0.284,-0.678,-0.805,0.302
76,Equal Opportunity Representatives and Officers,0.494,0.742,0.704,-1.192,-0.865,-0.959,-1.517
77,Government Property Inspectors and Investigators,0.556,0.852,0.204,-0.161,0.107,-0.991,0.07
78,Coroners,0.872,0.611,1.651,1.036,0.16,-0.774,-0.295
79,Regulatory Affairs Specialists,0.603,0.525,-1.102,-1.34,-0.147,-0.936,0.441
80,Cost Estimators,0.631,0.518,-1.346,-0.796,-1.254,-0.833,0.119
81,Human Resources Specialists,-0.558,0.866,0.438,-1.604,-0.499,-0.805,0.093
82,Farm Labor Contractors,-1.02,-0.464,0.173,0.762,-2.516,-1.166,-0.515
83,Labor Relations Specialists,-0.003,2.223,-0.034,-0.607,-2.075,-0.118,-0.457
84,Logisticians,0.372,1.377,-0.521,-0.447,-1.066,-0.511,0.701
85,Logistics Engineers,1.565,0.635,-1.291,-0.571,0.673,-0.224,0.163
86,Logistics Analysts,0.882,0.393,-1.292,-0.8,-0.443,-0.591,0.098
87,Management Analysts,1.107,1.461,0.191,-0.604,-1.153,-0.32,-0.162
88,"Meeting, Convention, and Event Planners",-0.512,2.076,0.219,-0.697,0.1,0.746,0.991
89,Fundraisers,-0.346,1.927,0.021,-1.067,-0.436,0.738,-0.525
90,"Compensation, Benefits, and Job Analysis Specialists",0.275,0.503,-0.453,-1.337,-0.699,-0.47,-0.323
91,Training and Development Specialists,-0.011,0.986,0.488,-0.847,-0.613,1.506,0.554
92,Market Research Analysts and Marketing Specialists,1.508,0.316,-0.866,-0.808,-0.983,-0.07,-0.863
94,Energy Auditors,0.77,0.142,-0.731,0.424,-0.414,-0.788,-0.714
95,Security Management Specialists,0.579,1.105,-0.571,-0.209,-0.659,-0.309,0.022
96,Customs Brokers,-0.128,0.389,-1.063,-1.168,-1.474,-0.907,0.166
97,Business Continuity Planners,0.644,0.986,-0.972,-0.696,-1.219,0.144,0.561
98,Sustainability Specialists,0.51,0.288,-0.766,-0.625,-1.041,0.832,0.919
99,Online Merchants,-0.377,0.757,-0.865,-1.222,-0.5,-0.396,-0.579
101,Accountants,0.609,0.243,-1.484,-1.552,-0.519,-1.247,-0.825
102,Auditors,0.433,1.077,-1.162,-1.081,-1.107,-1.019,1.12
104,Assessors,0.318,0.621,-0.623,-0.639,-0.101,-1.258,-0.821
105,"Appraisers, Real Estate",0.93,-0.32,-1.082,-0.572,-1.232,-1.352,-3.684
106,Budget Analysts,0.74,-0.99,-0.64,-1.211,-1.471,-1.05,0.934
107,Credit Analysts,0.408,0.105,-0.882,-1.607,0.353,-1.669,-1.331
108,Financial Analysts,1.495,-1.531,-1.033,-1.344,-0.982,-0.034,-0.134
109,Personal Financial Advisors,0.861,1.25,0.237,-1.082,-0.238,-0.748,-1.822
110,Insurance Underwriters,0.157,0.427,-1.16,-1.508,-0.378,-1.203,-0.881
111,Financial Examiners,0.858,0.912,-1.161,-1.418,-0.343,-1.172,0.425
112,Credit Counselors,0.103,0.058,0.648,-1.681,-0.564,-1.007,-1.036
113,Loan Counselors,-0.118,-0.7,0.294,-1.223,-1.009,-0.994,0.546
114,Loan Officers,0.14,0.755,-0.005,-1.253,-0.466,-1.407,-0.454
115,"Tax Examiners and Collectors, and Revenue Agents",0.071,0.329,0.468,-1.373,0.59,-1.13,-0.81
116,Tax Preparers,0.007,-0.088,-0.42,-1.79,-0.053,-1.362,-2.33
118,Financial Quantitative Analysts,1.65,-0.312,-1.881,-0.886,-0.526,0.254,-0.59
119,Risk Management Specialists,0.613,0.687,-0.599,-0.684,-1.109,-0.737,0.291
121,"Fraud Examiners, Investigators and Analysts",0.716,0.95,-0.436,-0.656,-1.445,-0.609,-0.288
122,Computer and Information Research Scientists,0.74,-0.309,-0.467,-0.896,1.028,1.178,0.959
123,Computer Systems Analysts,0.976,-1.009,-0.692,-1.353,0.976,0.006,1.132
124,Informatics Nurse Specialists,0.833,1.06,-0.12,-1.029,1.434,0.131,1.175
125,Information Security Analysts,0.877,-0.582,-0.559,-0.919,-0.153,-0.366,0.304
126,Computer Programmers,1.066,-1.069,-0.698,-1.255,0.19,0.491,0.42
127,"Software Developers, Applications",0.968,-0.584,-2.051,-1.287,0.594,0.381,1.141
128,"Software Developers, Systems Software",1.166,-1.789,-0.848,-1.051,-0.29,0.525,0.949
129,Web Developers,0.536,-0.134,-1.613,-1.265,0.765,1.199,-0.362
130,Database Administrators,0.9,-1.368,-0.163,-0.855,-0.181,0.209,0.877
131,Network and Computer Systems Administrators,1.187,-1.006,-0.602,-0.874,0.395,-0.31,0.127
132,Computer Network Architects,1.393,0.141,-1.38,-0.556,-0.353,-0.138,-0.24
133,Telecommunications Engineering Specialists,0.357,1.206,-0.875,-0.501,0.706,-0.158,0.239
134,Computer User Support Specialists,1.066,-1.109,0.173,-1.018,0.72,-0.554,0.218
135,Computer Network Support Specialists,0.302,-0.535,-0.338,-1.075,0.902,-0.505,0.972
137,Software Quality Assurance Engineers and Testers,0.75,-0.742,-1.187,-1.201,0.06,-0.066,0.962
138,Computer Systems Engineers/Architects,1.133,0.587,-1.464,-0.907,0.199,0.716,0.864
139,Web Administrators,1.083,0.026,-1.544,-1.173,0.743,0.243,0.181
140,Geospatial Information Scientists and Technologists,1.118,-0.527,-1.221,-1.094,0.526,0.189,0.233
141,Geographic Information Systems Technicians,1.062,-1.118,-1.175,-1.037,1.002,0.365,0.512
142,Database Architects,0.962,-0.346,-1.475,-0.708,-0.803,0.188,0.435
143,Data Warehousing Specialists,1.008,-1.074,-1.619,-1.035,-1.816,-0.041,0.727
144,Business Intelligence Analysts,1.066,0.35,-1.047,-1.147,-0.399,0.193,0.418
145,Information Technology Project Managers,0.17,1.801,-0.884,-0.735,-0.515,-0.287,0.61
146,Search Marketing Strategists,0.781,0.605,-1.677,-1.322,0.227,0.481,-0.506
147,Video Game Designers,0.088,0.556,-0.933,-1.178,1.34,2.93,1.175
148,Document Management Specialists,0.207,0.402,-0.936,-1.125,0.39,-0.058,0.614
149,Actuaries,1.826,-0.208,-1.945,-0.977,-1.297,-0.818,-0.285
150,Mathematicians,2.137,-1.158,-1.834,-1.106,-0.435,0.458,-1.139
151,Operations Research Analysts,2.148,-0.748,-1.969,-1.216,-0.773,0.156,0.377
152,Statisticians,1.769,-0.704,-1.738,-1.305,0.089,-0.572,-0.707
153,Biostatisticians,1.705,-0.622,-1.2,-1.283,0.212,-0.354,0.879
154,Clinical Data Managers,0.583,-0.125,-0.834,-1.145,-0.889,-0.799,0.689
157,"Architects, Except Landscape and Naval",0.565,1.336,-0.946,-0.299,0.827,2.455,0.546
158,Landscape Architects,0.109,1.285,-0.93,-0.376,0.039,2.484,0.213
159,Cartographers and Photogrammetrists,0.145,-0.205,-1.462,-1.017,0.895,0.508,0.818
160,Surveyors,0.673,0.6,-0.841,0.614,0.479,-0.164,0.485
161,Geodetic Surveyors,1.26,0.066,-1.362,-0.149,0.377,-0.588,0.001
162,Aerospace Engineers,1.695,-0.614,-1.588,-0.308,-0.85,0.501,0.873
163,Agricultural Engineers,1.688,0.052,-0.937,0.168,-0.429,0.186,0.246
164,Biomedical Engineers,2.041,-0.208,-0.931,-0.173,0.199,0.418,0.723
165,Chemical Engineers,2.076,-0.362,-1.769,0.313,-1.14,-0.044,0.811
166,Civil Engineers,1.118,0.972,-0.919,-0.093,-0.248,-0.17,-0.463
167,Transportation Engineers,1.216,0.746,-1.055,-0.285,-0.219,-0.604,0.665
168,Computer Hardware Engineers,1.598,-1.084,-1.777,-0.928,0.368,0.203,0.143
169,Electrical Engineers,1.273,-0.576,-0.954,-0.356,-0.4,-0.23,0.712
170,"Electronics Engineers, Except Computer",1.637,-1.404,-0.474,-0.537,0.948,0.915,1.112
171,Radio Frequency Identification Device Specialists,0.757,0.218,-0.663,-0.548,-0.17,0.185,0.521
172,Environmental Engineers,1.471,0.75,-0.898,0.122,-0.886,-0.083,0.791
173,Water/Wastewater Engineers,1.507,0.829,-1.072,-0.162,-0.451,-0.313,0.489
175,Industrial Safety and Health Engineers,1.093,0.851,0.442,1.085,-1.27,-0.511,-0.074
176,Fire-Prevention and Protection Engineers,1.315,0.23,-0.833,-0.227,-0.44,-0.596,-0.356
177,Product Safety Engineers,1.017,0.192,-0.496,0.165,-1.661,-0.749,-0.143
178,Industrial Engineers,1.173,0.109,-0.457,0.316,-0.571,-0.31,0.885
179,Human Factors Engineers and Ergonomists,1.696,-0.38,0.102,-0.026,-0.969,0.33,-0.681
181,Marine Engineers,1.321,0.302,-1.323,0.68,-0.274,-0.038,0.09
182,Marine Architects,1.569,-1.005,-1.454,0.714,-1.118,1.213,1.371
183,Materials Engineers,1.731,-0.568,-1.319,0.311,-0.267,0.345,0.316
184,Mechanical Engineers,1.528,-0.598,-0.94,-0.207,-0.085,0.09,0.727
185,Fuel Cell Engineers,1.519,-0.455,-1.441,0.047,-0.051,0.2,-0.027
186,Automotive Engineers,1.51,0.83,-1.233,-0.225,0.232,0.003,0.744
187,"Mining and Geological Engineers, Including Mining Safety Engineers",1.561,0.535,-1.046,0.467,-1.542,-0.759,0.33
188,Nuclear Engineers,1.713,-0.866,-1.378,0.138,-1.536,-0.732,0.674
189,Petroleum Engineers,1.375,0.479,-0.962,-0.28,-0.289,-0.288,-0.04
191,Biochemical Engineers,1.562,0.468,-1.022,0.172,0.225,0.071,0.025
192,Validation Engineers,0.976,-0.134,-0.857,-0.351,-1.141,-0.922,0.556
193,Energy Engineers,1.438,0.241,-0.637,-0.036,-1.154,0.078,0.038
194,Manufacturing Engineers,1.333,0.455,-1.086,0.449,-0.272,0.023,0.221
195,Mechatronics Engineers,1.15,-0.735,-1.501,-0.134,-1.052,0.736,0.909
196,Microsystems Engineers,1.757,-0.741,-1.367,-0.334,0.237,0.33,0.885
197,Photonics Engineers,1.666,-1.182,-2.046,-0.301,0.132,0.905,1.156
198,Robotics Engineers,1.74,0.517,-1.422,0.265,1.433,0.642,0.482
199,Nanosystems Engineers,1.745,-0.112,-1.383,0.185,0.266,0.561,0.211
200,Wind Energy Engineers,1.024,-0.09,-0.921,-0.647,-0.558,-0.351,-0.092
201,Solar Energy Systems Engineers,0.916,-0.064,-1.426,-0.294,-0.422,-0.169,-0.069
203,Architectural Drafters,-0.06,-0.855,-0.715,-0.704,1.099,2.068,0.509
204,Civil Drafters,0.083,-1.075,-1.606,-1.255,0.467,0.622,1.275
206,Electronic Drafters,0.131,-1.754,-0.903,-1.387,0.618,0.556,1.369
207,Electrical Drafters,-0.117,-1.298,-0.911,-1.448,0.377,-0.017,1.206
208,Mechanical Drafters,0.303,-0.968,-1.081,-0.656,0.26,0.902,0.008
210,Aerospace Engineering and Operations Technicians,0.589,0.012,-0.637,-0.236,0.664,-0.385,1.793
211,Civil Engineering Technicians,0.45,-0.609,-0.365,-0.21,-0.364,-0.365,0.969
213,Electronics Engineering Technicians,0.673,-0.965,-1.183,-0.229,0.969,-0.057,0.692
214,Electrical Engineering Technicians,0.819,-0.677,-0.552,0.173,1.099,0.224,0.856
215,Electro-Mechanical Technicians,0.728,-1.374,-0.278,0.386,1.748,0.082,0.847
216,Robotics Technicians,1.521,-0.645,-0.956,0.676,1.613,0.177,0.04
217,Environmental Engineering Technicians,0.704,-0.4,-0.562,0.387,0.059,-0.662,-0.059
218,Industrial Engineering Technicians,1.234,-0.941,-0.63,0.494,-0.364,0.048,0.885
219,Mechanical Engineering Technicians,0.912,0.459,-1.314,0.51,0.453,0.309,-0.009
220,Automotive Engineering Technicians,0.619,-0.537,-0.728,0.511,0.703,0.003,0.452
222,Non-Destructive Testing Specialists,0.547,-0.188,-0.674,0.698,0.137,-0.974,-0.001
223,Electrical Engineering Technologists,0.934,-0.168,-0.571,0.334,-0.129,-0.192,-0.045
224,Electromechanical Engineering Technologists,0.907,-0.665,-0.819,0.447,0.306,0.047,1.094
225,Electronics Engineering Technologists,1.259,-0.072,-0.963,-0.072,1.457,-0.474,-0.061
226,Industrial Engineering Technologists,0.457,0.838,-0.439,0.346,-0.005,-0.262,-0.613
227,Manufacturing Engineering Technologists,1.522,0.232,-1.002,0.592,0.145,0.107,0.044
228,Mechanical Engineering Technologists,0.897,-0.465,-0.495,0.557,0.711,0.208,0.629
229,Photonics Technicians,0.612,-0.774,-1.038,0.057,1.167,0.058,-0.638
230,Manufacturing Production Technicians,0.621,-0.424,-0.434,0.808,0.248,0.148,-0.137
232,Nanotechnology Engineering Technologists,1.361,-0.732,-1.657,0.312,0.375,0.382,0.628
233,Nanotechnology Engineering Technicians,1.005,-1.094,-0.872,0.013,1.164,-0.279,0.053
235,Surveying Technicians,0.229,-0.146,-1.019,0.275,0.866,-0.342,0.127
236,Mapping Technicians,0.32,-1.028,-1.293,-1.116,0.652,-0.397,-0.718
237,Animal Scientists,1.62,0.125,-0.507,0.601,-1.392,-0.091,-0.35
238,Food Scientists and Technologists,1.122,0.09,-0.704,0.439,-0.475,0.585,0.583
239,Soil and Plant Scientists,1.683,-0.189,-0.98,0.167,-0.004,0.601,0.14
240,Biologists,1.45,0.551,-0.872,-0.131,0.07,-0.312,0.005
241,Biochemists and Biophysicists,2.369,-0.819,-1.644,0.287,0.446,1.373,-0.115
242,Microbiologists,1.692,-0.546,-0.488,-0.147,1.258,-0.639,0.251
243,Zoologists and Wildlife Biologists,1.084,0.514,-0.736,-0.005,-0.241,-0.302,0.198
245,Bioinformatics Scientists,1.829,-0.272,-1.584,-0.936,0.654,0.821,1.258
246,Molecular and Cellular Biologists,2.555,-0.907,-1.177,0.012,0.95,0.935,-0.339
247,Geneticists,1.681,-0.167,-0.368,-0.362,0.291,0.714,0.538
249,Soil and Water Conservationists,0.715,1.05,-0.254,0.23,-0.27,-0.563,-0.594
250,Range Managers,0.652,1.772,-0.533,0.317,-0.224,-0.578,-0.095
251,Park Naturalists,-0.037,-0.641,1.431,0.347,-0.961,1.652,0.661
252,Foresters,0.84,0.941,-0.684,0.464,-0.328,-0.409,-0.31
253,Epidemiologists,1.823,-0.163,-0.323,-0.748,-0.639,-0.362,0.43
254,"Medical Scientists, Except Epidemiologists",1.408,-0.063,-0.118,-0.521,0.464,0.427,1.094
256,Astronomers,1.95,-0.862,-2.092,-0.395,-1.224,1.347,-0.638
257,Physicists,2.349,-0.266,-1.181,-0.765,0.555,0.568,-0.327
258,Atmospheric and Space Scientists,1.322,-0.803,-0.727,-0.677,-1.55,-0.464,0.306
259,Chemists,1.767,-0.868,-0.724,0.242,1.123,-0.414,0.015
260,Materials Scientists,1.938,-0.41,-1.448,0.338,-0.304,0.493,0.155
261,"Environmental Scientists and Specialists, Including Health",1.087,-0.198,-0.594,-0.366,-0.416,-0.256,0.457
262,Climate Change Analysts,0.899,0.185,-1.357,-1.138,-0.956,0.035,0.128
263,Environmental Restoration Planners,0.928,0.897,-1.266,-0.047,0.132,0.181,-0.127
264,Industrial Ecologists,1.28,-0.549,-0.793,-0.074,-2.491,0.084,0.434
265,"Geoscientists, Except Hydrologists and Geographers",1.791,-0.383,-1.529,0.339,-0.694,0.35,-0.247
266,Hydrologists,1.536,-0.273,-1.265,-0.009,-0.605,0.086,0.132
268,Remote Sensing Scientists and Technologists,1.678,-0.527,-1.584,-0.886,0.369,0.242,-0.183
269,Economists,2.074,-0.879,-1.326,-0.636,-1.407,0.017,-2.146
270,Environmental Economists,1.948,-0.945,-1.633,-0.866,-1.3,0.3,-1.357
271,Survey Researchers,1.056,0.707,-0.911,-0.959,-0.055,-0.238,0.279
273,School Psychologists,0.777,0.588,1.628,-1.022,-0.25,0.019,0.899
274,Clinical Psychologists,1.182,0.413,2.432,-0.483,-1.386,0.238,-2.95
275,Counseling Psychologists,0.787,0.454,2.236,-0.581,-1.582,0.398,-1.163
276,Industrial-Organizational Psychologists,1.261,1.163,0.225,-0.669,-0.599,0.481,0
278,Neuropsychologists and Clinical Neuropsychologists,2.088,-0.666,2.161,-0.505,-0.255,-0.433,-1.79
279,Sociologists,1.358,-1.225,0.23,-0.403,-2.288,1.447,-1.355
280,Urban and Regional Planners,0.428,1.375,-0.089,-0.574,-0.617,0.751,0.451
282,Anthropologists,1.416,-0.749,0.564,-0.133,-1.533,1.398,-1.163
283,Archeologists,1.095,0.307,-0.401,0.174,0.655,1.629,0.109
284,Geographers,1.261,-1.368,-0.366,-0.37,-2.003,0.794,-0.731
285,Historians,0.307,-0.932,0.427,-0.496,-1.58,0.97,0.16
286,Political Scientists,1.689,-1.357,-0.375,-0.542,-2.133,1.005,-2.058
288,Transportation Planners,1.115,0.779,-1.168,-0.533,-0.943,0.134,0.659
290,Agricultural Technicians,0.454,-0.275,0.215,0.566,0.092,-0.319,0.371
291,Food Science Technicians,-0.071,-0.01,-0.284,0.072,0.349,-0.492,0.365
292,Biological Technicians,1.202,-1.993,-0.023,-0.43,0.64,-0.508,-0.052
293,Chemical Technicians,0.56,-0.658,-0.616,0.024,0.994,-0.642,0.318
295,Geophysical Data Technicians,0.222,-1.018,-0.83,-0.433,-0.618,-0.525,0.488
296,Geological Sample Test Technicians,0.97,-1.372,-1.459,0.294,0.107,-0.363,-0.371
298,Nuclear Equipment Operation Technicians,1.04,-1.859,-0.064,1.445,-0.562,-0.88,1.632
299,Nuclear Monitoring Technicians,0.767,-0.593,-0.557,0.583,-0.048,-0.654,1.027
300,Social Science Research Assistants,0.829,-0.704,0.135,-1.049,0.377,-0.013,-0.591
301,City and Regional Planning Aides,-0.043,0.382,-0.411,-1.078,-0.818,-0.409,0.021
302,"Environmental Science and Protection Technicians, Including Health",0.948,0,-0.539,0.373,0.039,-1.114,-0.256
303,Forensic Science Technicians,1.542,-1.208,0.333,0.37,0.582,-0.407,-0.119
304,Forest and Conservation Technicians,-0.111,0.665,0.027,0.654,0.53,0.122,1.106
306,Quality Control Analysts,0.758,-1.401,-0.266,0.336,-0.194,-0.834,1.124
307,Precision Agriculture Technicians,1.011,0.077,-1.13,0.172,0.239,-0.491,-0.831
308,Remote Sensing Technicians,0.617,-0.382,-1.086,-0.919,0.484,-0.008,-0.027
309,Substance Abuse and Behavioral Disorder Counselors,0.082,0.096,2.35,-0.391,-1.203,0.604,0.075
310,"Educational, Guidance, School, and Vocational Counselors",-0.001,0.849,1.908,-0.424,-1.549,0.388,1.01
311,Marriage and Family Therapists,0.481,0.88,1.688,-0.732,-0.544,0.754,-1.036
312,Mental Health Counselors,0.319,0.625,2.376,-0.693,-1.219,0.73,-1.744
313,Rehabilitation Counselors,-0.212,0.562,1.88,-0.792,-0.625,-0.078,-0.324
315,"Child, Family, and School Social Workers",0.03,1.165,1.358,-0.434,-1.129,0.361,0.251
316,Healthcare Social Workers,0.287,0.365,2.652,-0.134,-1.049,0.121,0.268
317,Mental Health and Substance Abuse Social Workers,0.05,0.466,2.113,-0.663,-1.256,0.782,-0.065
319,Health Educators,0.132,0.437,0.962,-0.442,-0.063,0.952,0.627
320,Probation Officers and Correctional Treatment Specialists,0.068,0.282,1.977,-0.018,-1.31,-0.263,-0.703
321,Social and Human Service Assistants,-0.403,0.24,2.133,-0.006,-1.123,-0.214,-0.508
322,Community Health Workers,0.143,1.273,1.527,-0.383,0.675,0.559,-0.469
324,Clergy,-0.366,1.106,1.918,-0.24,-1.61,1.659,0.317
325,"Directors, Religious Activities and Education",-0.531,1.319,1.433,-0.026,-2.081,1.277,0.511
327,Lawyers,0.753,1.504,-0.122,-1.101,0.087,-0.043,-0.162
328,Judicial Law Clerks,1.312,-1.456,-0.723,-1.461,-0.972,-0.999,-1.792
329,"Administrative Law Judges, Adjudicators, and Hearing Officers",1.044,0.075,0.731,-0.72,-0.34,-0.598,-0.676
330,"Arbitrators, Mediators, and Conciliators",0.384,1.647,1.395,-0.95,-1.354,-0.179,-4.236
331,"Judges, Magistrate Judges, and Magistrates",1.337,0.487,1.721,-0.508,-0.996,-1.213,-1.646
332,Paralegals and Legal Assistants,-0.269,-0.813,-0.736,-1.746,-0.615,-0.893,0.593
333,Court Reporters,-1.422,-1.566,-0.153,-2.277,1.049,-0.714,-0.839
334,"Title Examiners, Abstractors, and Searchers",-0.105,-1.22,-0.884,-1.57,-0.886,-1.464,0.542
336,"Business Teachers, Postsecondary",0.642,-0.344,1.234,-0.746,-1.224,0.819,-0.485
337,"Computer Science Teachers, Postsecondary",1.326,-0.833,0.778,-0.683,0.166,0.639,-0.84
338,"Mathematical Science Teachers, Postsecondary",1.229,-1.16,0.618,-0.749,-1.297,0.117,-0.835
339,"Architecture Teachers, Postsecondary",0.806,-0.2,1.126,0.042,-1.467,2.348,-0.508
340,"Engineering Teachers, Postsecondary",1.363,-0.593,0.018,-0.178,-1.078,0.546,0.307
341,"Agricultural Sciences Teachers, Postsecondary",1.354,0.28,-0.069,-0.033,-0.916,0.918,-0.592
342,"Biological Science Teachers, Postsecondary",1.314,-0.763,0.925,-0.204,-0.639,0.9,-0.221
343,"Forestry and Conservation Science Teachers, Postsecondary",1.099,-0.29,-0.148,0.061,-1.562,0.778,0.392
344,"Atmospheric, Earth, Marine, and Space Sciences Teachers, Postsecondary",1.631,-0.467,-0.473,0.019,-1.703,0.936,-0.327
345,"Chemistry Teachers, Postsecondary",1.644,-1.384,0.662,0.53,-1.466,0.509,0.426
346,"Environmental Science Teachers, Postsecondary",1.158,-0.802,0.799,0.22,-1.833,1.122,0.251
347,"Physics Teachers, Postsecondary",1.851,-0.37,-0.269,-0.17,-0.85,0.762,-1.026
348,"Anthropology and Archeology Teachers, Postsecondary",1.163,-0.748,1.079,-0.16,-2.236,1.008,-1.167
349,"Area, Ethnic, and Cultural Studies Teachers, Postsecondary",0.895,-1.469,1.124,-0.216,-1.346,1.633,0.068
350,"Economics Teachers, Postsecondary",1.388,-1.291,0.243,-0.735,-1.394,0.611,-2.09
351,"Geography Teachers, Postsecondary",1.211,-0.819,0.396,-0.537,-1.555,1.095,-1.882
352,"Political Science Teachers, Postsecondary",0.948,-1.049,1.04,-0.158,-2.529,1.405,-1.359
353,"Psychology Teachers, Postsecondary",1.144,-0.951,1.828,-0.235,-2.037,0.663,-2.281
354,"Sociology Teachers, Postsecondary",0.757,-0.813,1.289,-0.347,-2.296,1.37,-1.421
356,"Health Specialties Teachers, Postsecondary",1.321,-1.059,1.55,-0.032,-1.291,0.153,0.675
357,"Nursing Instructors and Teachers, Postsecondary",0.747,0.187,2.089,0.039,-0.018,0.752,0.55
358,"Education Teachers, Postsecondary",0.479,-0.288,1.466,-0.484,-0.893,1.442,0.279
359,"Library Science Teachers, Postsecondary",0.738,0.064,0.642,-0.728,-0.83,1.022,-0.321
360,"Criminal Justice and Law Enforcement Teachers, Postsecondary",0.835,-0.157,1.304,0.089,-1.692,0.371,-1.233
361,"Law Teachers, Postsecondary",1.102,-0.333,0.596,-0.885,-1.278,0.422,-1.708
362,"Social Work Teachers, Postsecondary",1.027,-0.72,1.361,-0.268,-1.529,1.175,-0.442
363,"Art, Drama, and Music Teachers, Postsecondary",-0.009,-0.481,1.38,0.086,-1.071,3.611,-0.694
364,"Communications Teachers, Postsecondary",0.577,-0.175,0.855,-0.209,-1.188,1.696,-0.339
365,"English Language and Literature Teachers, Postsecondary",0.673,-0.56,1.074,-0.533,-1.829,1.974,-1.045
366,"Foreign Language and Literature Teachers, Postsecondary",0.453,-0.849,1.531,-0.348,-1.85,1.943,-0.123
367,"History Teachers, Postsecondary",0.856,-0.772,1.304,-0.306,-2.46,1.33,-2.789
368,"Philosophy and Religion Teachers, Postsecondary",0.777,-1.229,1.435,-0.494,-1.668,1.761,-1.547
369,Graduate Teaching Assistants,-0.375,-1.1,0.703,-0.384,-2.096,0.989,0.297
370,"Home Economics Teachers, Postsecondary",0.74,0.064,1.298,-0.222,-1.233,0.851,-1.12
371,"Recreation and Fitness Studies Teachers, Postsecondary",0.439,-0.104,1.422,-0.022,-1.508,0.99,-0.646
372,"Vocational Education Teachers, Postsecondary",-0.402,0.684,1.332,-0.024,-0.024,0.594,-0.143
374,"Preschool Teachers, Except Special Education",-0.56,-0.055,1.545,-0.141,-1.142,1.986,0.841
375,"Kindergarten Teachers, Except Special Education",-0.306,0.087,1.939,-0.154,-0.701,1.856,0.804
376,"Elementary School Teachers, Except Special Education",0.248,0.234,1.636,-0.376,-0.473,1.253,0.802
377,"Middle School Teachers, Except Special and Career/Technical Education",0.069,0.364,1.454,-0.227,-1.349,1.292,0.764
378,"Career/Technical Education Teachers, Middle School",0.045,0.296,1.412,0.042,-0.865,1.419,0.234
379,"Secondary School Teachers, Except Special and Career/Technical Education",0.169,0.194,1.39,-0.353,-1.291,1.518,0.292
380,"Career/Technical Education Teachers, Secondary School",0.285,1.227,1.318,0.312,0.202,0.763,-0.103
382,"Special Education Teachers, Kindergarten and Elementary School",-0.318,0.063,1.66,-0.384,-2.283,0.593,1.245
383,"Special Education Teachers, Middle School",0.125,-0.067,1.759,-0.52,-1.257,1.128,1.498
384,"Special Education Teachers, Secondary School",0.091,0.462,1.357,-0.476,-1.107,0.879,1.118
386,Adapted Physical Education Specialists,0.043,0.769,1.943,-0.281,0.64,1.029,-0.701
387,Adult Basic and Secondary Education and Literacy Teachers and Instructors,0.027,-0.745,0.851,-0.745,-1.687,1.185,-0.559
388,Self-Enrichment Education Teachers,-0.765,-0.629,0.619,-0.679,-0.746,1.603,-0.72
390,Tutors,0.288,-0.577,1.182,-1.062,-0.588,0.219,-0.772
391,Archivists,0.371,0.081,-0.468,-0.685,-0.324,-0.189,-1.427
392,Curators,0.355,0.161,-0.294,-0.005,-0.949,2.121,0.34
393,Museum Technicians and Conservators,-0.072,-0.337,-0.745,-0.078,0.823,1.942,0.206
394,Librarians,-0.146,0.153,0.903,-1.051,0.253,0.443,-0.143
395,Library Technicians,-0.947,-1.359,0.952,-1.038,0.183,-0.123,-0.101
396,Audio-Visual and Multimedia Collections Specialists,-0.05,-0.402,0.061,-0.794,1.236,0.908,0.468
397,Farm and Home Management Advisors,0.657,0.674,0.716,0.464,-1.726,0.43,0.086
398,Instructional Coordinators,0.564,0.408,0.769,-0.516,-1.322,1.179,1.144
399,Instructional Designers and Technologists,0.642,0.881,-0.328,-0.933,0.145,1.597,0.335
400,Teacher Assistants,-1.138,-1.751,1.657,-0.463,-1.982,0.757,0.758
402,Art Directors,-0.4,1.248,-0.831,-0.779,1.112,3.501,1.219
403,Craft Artists,-0.576,0.299,-1.271,0.28,1.801,3.732,-3.789
404,"Fine Artists, Including Painters, Sculptors, and Illustrators",-0.347,-1.154,-0.145,-0.305,1.364,4.014,-2.621
405,Multimedia Artists and Animators,-0.489,0.144,-0.994,-0.923,0.964,3.02,0.666
407,Commercial and Industrial Designers,0.686,-1.232,-0.725,-0.083,0.095,2.715,1.086
408,Fashion Designers,-0.094,2.083,-0.648,-0.43,1.574,3.104,0.044
409,Floral Designers,-1.125,-0.69,0.014,-0.735,0.906,2.399,0.78
410,Graphic Designers,-0.646,-0.062,-1.131,-1.163,0.77,3.719,0.174
411,Interior Designers,-0.361,1.086,-0.332,-0.434,-1.404,2.956,0.854
412,Merchandise Displayers and Window Trimmers,-0.97,0.684,-0.842,-0.485,1.361,2.336,0.18
413,Set and Exhibit Designers,-0.111,0.743,-0.455,0.459,0.717,3.889,1.319
415,Actors,-1.741,-1.921,1.085,-0.895,-1.289,3.945,2.312
417,Producers,-0.401,0.556,0.023,-0.39,-0.452,2.453,1.509
418,"Directors- Stage, Motion Pictures, Television, and Radio",-0.553,0.77,-0.133,-0.538,0.341,2.755,1.739
419,Program Directors,0.111,2.275,-0.149,-0.653,0.452,1.545,1.089
420,Talent Directors,-0.515,1.571,-0.654,-0.806,-1.015,2.27,1.312
421,Technical Directors/Managers,-0.573,1.557,-0.452,-0.2,0.089,1.671,0.871
422,Athletes and Sports Competitors,-0.892,1.1,-0.129,0.047,0.168,0.226,0.477
423,Coaches and Scouts,0.085,1.306,0.925,0.866,-1.391,0.728,0.812
424,"Umpires, Referees, and Other Sports Officials",-1.151,0.775,0.086,-0.458,-1.248,-1.111,-0.371
425,Dancers,-2.011,-1.097,-0.041,-0.327,-0.782,3.85,1.543
426,Choreographers,-0.904,1.339,0.193,-0.317,-0.684,3.803,0.959
428,Music Directors,-0.965,0.383,1.161,-0.217,-0.849,3.753,0.81
429,Music Composers and Arrangers,-0.453,0.003,-0.564,-1.317,1.279,3.855,-1.067
431,Singers,-2.042,-1.538,0.588,-0.043,-3.636,3.15,0.239
432,"Musicians, Instrumental",-1.766,0.294,-0.252,-1.191,2.249,3.349,1.055
434,Radio and Television Announcers,-0.599,0.565,-0.03,-0.719,-0.03,2.401,0.544
435,Public Address System and Other Announcers,-1.549,-0.86,0.135,-1.129,-0.461,1.788,0.178
436,Broadcast News Analysts,-0.226,-0.609,0.951,-0.383,-0.747,2.064,0.387
437,Reporters and Correspondents,-0.004,-0.638,-0.259,-0.723,-0.704,2.17,-0.609
438,Public Relations Specialists,-0.306,1.554,-0.22,-0.823,-0.792,1.554,0.317
439,Editors,-0.185,-0.203,-0.377,-1.357,0.144,1.816,1.282
440,Technical Writers,-0.429,-0.988,-1.141,-1.715,0.176,1.232,1.132
442,Copy Writers,-0.177,0.03,-0.726,-1.003,-0.697,2.244,0.859
443,"Poets, Lyricists and Creative Writers",0.909,-1.153,-0.962,-0.928,0.176,3.678,-4.085
444,Interpreters and Translators,-0.094,-1.087,1.115,-1.215,-0.291,1.294,-0.626
446,Audio and Video Equipment Technicians,-0.141,-0.895,-0.185,-0.21,0.786,1.769,1.273
447,Broadcast Technicians,0.55,-1.007,-0.262,-0.651,0.697,-0.066,-1.399
448,Radio Operators,-0.288,-1.035,0.38,-0.994,1.365,-0.199,1.47
449,Sound Engineering Technicians,-0.743,0.613,-0.303,-1.06,1.687,2.208,0.292
450,Photographers,-0.951,0.899,-0.011,-0.525,1.016,2.928,-1.92
451,"Camera Operators, Television, Video, and Motion Picture",-0.688,-1.34,-0.198,0.054,1.017,3.031,1.85
452,Film and Video Editors,-0.438,-0.41,-0.792,-1.379,1.446,2.715,0.39
454,Chiropractors,0.722,0.612,1.704,-0.497,1.169,-0.348,-0.947
455,"Dentists, General",1.339,1.487,1.06,0.6,3.36,-0.354,0.673
456,Oral and Maxillofacial Surgeons,1.6,0.365,1.966,0.61,2.807,0.018,0.794
457,Orthodontists,1.174,0.994,1.108,-0.057,2.847,-0.31,0.524
458,Prosthodontists,0.941,0.711,1.581,0.698,2.401,0.245,0.647
460,Dietitians and Nutritionists,0.891,0.492,1.528,-0.184,-0.747,-0.457,0.045
461,Optometrists,0.849,0.597,1.221,-0.83,2.152,-1.163,-0.717
462,Pharmacists,0.734,0.024,1.24,-0.878,1.229,-1.232,0.543
463,Anesthesiologists,2.076,-0.522,1.598,0.777,1.253,-0.713,0.709
464,Family and General Practitioners,1.956,-1.319,2.54,0.038,-0.32,-0.891,0.575
465,"Internists, General",1.813,0.122,2.105,-0.618,0.966,-0.858,-1.803
466,Obstetricians and Gynecologists,1.461,-0.095,2.314,0.038,0.99,-0.586,0.333
467,"Pediatricians, General",1.627,-0.787,2.209,-0.008,0.008,-0.368,-0.05
468,Psychiatrists,1.193,0.253,2.026,-0.432,-0.646,0.067,0.494
469,Surgeons,1.562,0.059,1.903,0.076,2.825,0.115,0.642
471,Allergists and Immunologists,1.68,0.256,1.609,-0.627,0.336,-0.489,0.289
472,Dermatologists,0.995,-0.597,1.83,0.246,1.003,-0.206,1.217
473,Hospitalists,1.287,-0.245,2.271,-0.241,0.328,-1.098,0.586
474,Neurologists,1.595,0.477,1.791,-0.369,0.233,-0.279,0.148
475,Nuclear Medicine Physicians,1.695,-0.387,1.08,-0.314,1.156,-1.079,0.012
476,Ophthalmologists,1.528,0.327,1.479,-0.446,2.516,-0.468,0.625
477,Pathologists,1.818,-0.28,0.893,-0.234,0.961,-0.744,-0.497
478,Physical Medicine and Rehabilitation Physicians,1.142,0.208,2.111,-0.073,0.707,0.371,0.868
479,Preventive Medicine Physicians,1.346,0.643,1.43,0.088,-1.173,-0.193,0.122
480,Radiologists,1.621,-0.186,1.215,-0.127,1.127,-0.881,0.445
481,Sports Medicine Physicians,1.677,0.61,1.536,-0.227,1.729,-0.388,0
482,Urologists,2.16,-1.267,2.166,0.299,1.518,-0.18,1.004
483,Physician Assistants,1.353,-0.309,2.246,0.037,1.009,-0.501,0.171
484,Anesthesiologist Assistants,1.017,-1.354,1.932,0.52,0.992,-0.606,1.029
485,Podiatrists,1.347,-0.241,1.657,0.329,1.299,-0.695,0.365
486,Occupational Therapists,0.619,0.702,2.041,-0.057,0.923,0.912,0.011
487,"Low Vision Therapists, Orientation and Mobility Specialists, and Vision Rehabilitation Therapists",0.127,0.196,1.376,-0.15,-0.094,0.478,-0.312
488,Physical Therapists,0.833,-0.607,2.294,-0.405,1.125,0.136,0.412
489,Radiation Therapists,0.142,-0.418,2.063,0.042,1.107,-0.932,0.478
490,Recreational Therapists,-0.16,0.681,2.152,0.047,0.079,1.758,0.761
491,Art Therapists,-0.367,0.325,2.219,-0.516,0.682,2.956,-0.843
492,Music Therapists,-0.029,0.332,2.367,-0.47,1.584,3.249,-0.478
493,Respiratory Therapists,0.984,-1.014,2.397,0.274,1.125,-0.68,0.921
494,Speech-Language Pathologists,1.076,-1.188,1.663,-0.635,-0.564,0.611,0.445
495,Exercise Physiologists,0.753,-0.204,1.29,-0.555,-0.085,0.413,-0.556
497,Veterinarians,1.279,-0.278,1.513,0.13,1.603,-0.748,0.925
498,Registered Nurses,0.782,-0.133,2.377,-0.009,0.856,-0.443,0.712
499,Acute Care Nurses,0.819,-0.027,2.403,0.052,0.352,-0.604,1.01
500,Advanced Practice Psychiatric Nurses,0.829,0.887,2.316,-0.183,-0.439,0.499,-0.595
501,Critical Care Nurses,0.894,0.105,2.555,0.194,1.682,-0.39,0.483
502,Clinical Nurse Specialists,0.92,1.415,2.019,0.399,0.879,-0.036,0.136
503,Nurse Anesthetists,1.636,-0.092,2.191,0.587,1.462,-0.409,0.646
504,Nurse Midwives,0.993,-0.02,2.527,0.103,0.891,-0.426,0.427
505,Nurse Practitioners,1.232,0.378,2.445,0.039,1.033,-0.282,0.058
506,Audiologists,0.906,-0.061,1.608,-0.721,1.256,-0.944,-1.556
508,Acupuncturists,0.751,-0.928,2.16,-0.36,0.976,0.149,-1.855
509,Naturopathic Physicians,1.797,-0.665,2.269,-0.192,-0.259,0.157,-2.465
510,Orthoptists,0.514,-0.93,1.69,-1.009,1.175,-0.433,0.831
511,Medical and Clinical Laboratory Technologists,1.075,-0.918,0.918,0.4,1.428,-0.924,0.979
512,Cytogenetic Technologists,0.879,-1.581,0.018,-0.615,1.517,-0.822,1.015
513,Cytotechnologists,1.174,-1.313,0.146,-0.804,2.304,-1.529,-1.315
514,Histotechnologists and Histologic Technicians,0.508,-0.612,-0.131,0.218,1.92,-0.859,0.3
515,Medical and Clinical Laboratory Technicians,0.855,-0.971,0.603,-0.034,1.74,-0.645,0.369
516,Dental Hygienists,-0.176,-0.768,1.967,-0.186,2.036,-0.656,0.44
517,Cardiovascular Technologists and Technicians,0.22,-1.167,1.641,-0.698,1.437,-0.746,1.108
518,Diagnostic Medical Sonographers,0.011,-0.676,1.898,-0.666,1.446,-0.248,0.647
519,Nuclear Medicine Technologists,0.789,-1.079,1.705,-0.434,1.1,-1.081,0.793
520,Radiologic Technologists,0.035,-0.84,1.835,-0.174,1.298,-0.08,0.941
521,Magnetic Resonance Imaging Technologists,-0.002,-0.11,0.878,-0.664,1.142,-0.347,-0.209
522,Emergency Medical Technicians and Paramedics,0.641,0.405,2.154,1.722,0.592,-0.208,1.004
523,Dietetic Technicians,-0.599,0.338,0.443,-0.292,0.502,-0.58,-0.324
524,Pharmacy Technicians,-0.506,-0.518,0.9,-1.318,1.618,-1.213,0.703
525,Psychiatric Technicians,-0.323,0.819,1.8,-0.136,0.354,-0.202,0.18
526,Respiratory Therapy Technicians,0.367,-0.28,2.261,0.094,1.271,-0.236,0.663
527,Surgical Technologists,-0.299,-0.599,1.178,0.656,0.847,-0.308,1.382
528,Veterinary Technologists and Technicians,0.231,-0.675,0.885,-0.455,1.536,-1.075,1.348
529,Ophthalmic Medical Technicians,-0.613,-0.488,1.194,-1.501,1.772,-1.281,1.03
530,Licensed Practical and Licensed Vocational Nurses,0.292,0.632,2.251,-0.37,0.98,-0.656,0.513
531,Medical Records and Health Information Technicians,-0.744,-1.365,-0.032,-1.793,0.681,-0.564,0.622
532,"Opticians, Dispensing",-0.298,1.004,0.334,-1.131,1.938,-0.785,-1.34
533,Orthotists and Prosthetists,1.183,0.157,1.674,1.312,0.886,0.174,-0.076
534,Hearing Aid Specialists,0.249,1.13,1.303,-0.426,1.599,-0.387,-1.636
536,Neurodiagnostic Technologists,0.682,-0.522,1.428,-0.449,1.722,-1.107,-0.075
537,Ophthalmic Medical Technologists,-0.251,-0.603,1.312,-1.023,1.7,-1.25,0.832
538,Radiologic Technicians,0.143,-0.952,1.393,-0.733,1.996,-0.218,0.515
539,Surgical Assistants,0.63,0.043,1.502,0.299,2.601,-0.307,0.943
540,Occupational Health and Safety Specialists,1.465,0.682,0.584,1.032,-0.707,-0.87,-0.402
541,Occupational Health and Safety Technicians,0.489,0.134,0.345,0.667,-0.356,-0.663,0.219
542,Athletic Trainers,0.552,0.126,1.6,0.198,0.837,0.173,0.716
543,Genetic Counselors,1.152,-1.39,1.887,-1.073,-1.107,-0.473,-0.973
545,Midwives,0.59,0.221,2.306,-0.159,0.125,-0.253,-0.966
546,Home Health Aides,-0.805,-0.308,1.358,-0.611,0.458,0.24,-0.244
547,Psychiatric Aides,-0.697,0.203,2.211,-0.292,0.092,0.097,-0.047
548,Nursing Assistants,-0.779,-0.446,2.128,-0.652,0.561,-0.617,0.366
549,Orderlies,-1.693,-1.095,1.46,-0.386,0.561,-1.045,0.744
550,Occupational Therapy Assistants,-0.161,-0.646,1.849,-0.116,0.801,0.788,0.977
551,Occupational Therapy Aides,-0.477,-0.722,2.012,-0.379,0.615,-0.041,0.417
552,Physical Therapist Assistants,-0.228,-0.454,1.694,-0.591,0.945,0.21,0.77
553,Physical Therapist Aides,-1.039,-0.628,1.616,-0.48,0.618,-0.091,0.672
554,Massage Therapists,0.042,-1.029,1.47,-1.068,0.885,0.025,-3.538
555,Dental Assistants,-0.505,-0.393,1.577,-0.221,1.542,-0.377,1.106
556,Medical Assistants,-0.221,0.201,1.53,-0.832,1.04,-0.755,0.955
557,Medical Equipment Preparers,-0.097,-0.736,1.178,0.68,1.183,-0.639,0.564
558,Medical Transcriptionists,-0.47,-2.43,-0.411,-2.262,1.135,-0.951,-0.384
559,Pharmacy Aides,-0.958,0.348,0.073,-1.223,1.161,-1.231,0.581
560,Veterinary Assistants and Laboratory Animal Caretakers,-0.485,-1.355,1.271,-0.022,0.676,-0.731,1.147
561,Phlebotomists,-0.568,-0.292,1.744,-0.74,1.484,-0.86,0.132
563,Speech-Language Pathology Assistants,0.065,-1.215,1.88,-0.91,-0.27,0.114,1.206
564,Endoscopy Technicians,0.081,-0.737,1.383,-0.095,1.775,-0.93,1.033
565,First-Line Supervisors of Correctional Officers,-0.049,2.157,0.821,0.904,-0.16,-0.623,0.232
566,First-Line Supervisors of Police and Detectives,0.292,2.358,1.1,1.443,-0.153,-0.422,0.571
568,Municipal Fire Fighting and Prevention Supervisors,0.753,2.127,1.043,2.002,0.329,-0.258,0.523
569,Forest Fire Fighting and Prevention Supervisors,0.512,1.738,0.722,1.776,0.067,-0.413,0.692
572,Municipal Firefighters,-0.01,0.74,1.518,1.994,0.262,-0.056,0.701
573,Forest Firefighters,0.01,0.647,0.976,1.761,0.636,-0.101,1.217
575,Fire Inspectors,0.434,0.308,0.244,0.529,-0.621,-0.694,-0.692
576,Fire Investigators,1.123,0.796,1.455,1.71,0.194,-0.29,0.767
577,Forest Fire Inspectors and Prevention Specialists,-0.105,2.417,-0.2,0.716,-0.621,-0.515,-2.439
578,Bailiffs,-1.534,-0.498,0.8,-0.509,-1.326,-1.229,0.803
579,Correctional Officers and Jailers,-0.707,0.887,1.238,0.146,0.203,-1.008,0.91
581,Police Detectives,1.105,0.924,1.401,1.196,0.252,-0.398,-0.225
582,Police Identification and Records Officers,0.694,-0.57,0.255,0.523,0.079,-0.785,1.062
583,Criminal Investigators and Special Agents,0.848,1.081,1.213,0.839,0.115,-0.494,0.121
584,Immigration and Customs Inspectors,0.26,0.559,0.961,1.37,-0.206,-0.679,0.303
585,Intelligence Analysts,0.971,-0.194,-0.56,-0.858,-0.156,0.546,-0.124
586,Fish and Game Wardens,0.389,1.001,0.858,1.218,-0.565,-0.061,-0.854
587,Parking Enforcement Workers,-1.495,0.809,0.053,0.285,-0.048,-0.17,-0.611
589,Police Patrol Officers,-0.287,2.101,1.401,1.474,0.02,-0.692,0.271
590,Sheriffs and Deputy Sheriffs,0.041,1.6,1.496,1.475,-0.039,-0.586,0.265
591,Transit and Railroad Police,0.235,1.496,1.121,1.75,-0.61,-0.486,-0.489
592,Animal Control Workers,-0.274,0.27,1.058,0.749,-0.281,-0.602,0.555
593,Private Detectives and Investigators,0.657,0.514,-0.094,-0.419,-0.74,-0.311,-2.172
594,Gaming Surveillance Officers and Gaming Investigators,-0.535,0.438,0.439,-0.192,-0.821,-0.295,-0.295
595,Security Guards,-1.428,0.632,-0.209,0.593,-2.169,-0.769,-0.419
596,Crossing Guards,-1.75,-1.148,1.09,0.852,-2.162,-0.722,-1.353
597,"Lifeguards, Ski Patrol, and Other Recreational Protective Service Workers",-1.007,-1.507,1.411,0.33,-1.706,-1.326,0.426
598,Transportation Security Screeners,-1.267,-0.144,0.627,0.283,0.514,-0.836,1.066
600,Retail Loss Prevention Specialists,-0.281,0.596,0.212,-0.672,0.063,-0.466,1.045
601,Chefs and Head Cooks,-0.922,1.783,-0.378,0.874,0.484,1.581,1.203
602,First-Line Supervisors of Food Preparation and Serving Workers,-1,1.28,-0.062,-0.015,0.383,-0.493,1.34
603,"Cooks, Fast Food",-2.235,-0.095,-0.566,-0.707,-0.766,-0.888,0.702
604,"Cooks, Institution and Cafeteria",-1.187,0.157,-0.468,-0.258,0.508,0.214,0.791
605,"Cooks, Private Household",-0.666,-0.227,-0.279,-0.962,1.251,1.738,-3.366
606,"Cooks, Restaurant",-1.784,0.419,-0.45,-0.246,0.622,0.981,0.616
607,"Cooks, Short Order",-1.446,-0.056,-0.271,-0.345,0.313,0.19,0.737
609,Food Preparation Workers,-1.992,0.579,-0.209,-0.111,0.187,0.136,0.258
610,Bartenders,-1.336,1.107,0.024,-0.98,0.994,0.18,-1.038
611,"Combined Food Preparation and Serving Workers, Including Fast Food",-2.125,0.096,0.105,-0.7,-0.049,-0.534,0.759
612,"Counter Attendants, Cafeteria, Food Concession, and Coffee Shop",-1.777,-0.358,-0.104,-1.147,0.115,-0.535,0.969
613,Baristas,-2.164,0.325,-0.161,-1.125,0.936,0.305,0.011
614,Waiters and Waitresses,-1.948,0.445,0.652,-0.87,0.061,-0.284,-0.371
615,"Food Servers, Nonrestaurant",-1.853,-1.253,0.359,-0.599,-0.733,-0.377,0.659
616,Dining Room and Cafeteria Attendants and Bartender Helpers,-2.504,-0.057,-0.14,-0.749,0.189,-0.364,0.686
617,Dishwashers,-2.142,0.25,-1.148,-0.213,0.307,-0.435,-0.822
618,"Hosts and Hostesses, Restaurant, Lounge, and Coffee Shop",-2.203,-0.176,0.194,-1.071,-0.603,-0.831,0.734
620,First-Line Supervisors of Housekeeping and Janitorial Workers,-1.135,0.827,0.187,0.107,-0.393,-0.536,1.088
621,"First-Line Supervisors of Landscaping, Lawn Service, and Groundskeeping Workers",-0.072,1.617,-0.463,1.568,-0.353,0.12,0.753
622,"Janitors and Cleaners, Except Maids and Housekeeping Cleaners",-1.673,-1.417,-0.018,0.363,-0.714,-0.423,-0.128
623,Maids and Housekeeping Cleaners,-1.859,-0.53,0.328,-0.185,-0.182,-0.402,-0.485
625,Pest Control Workers,-0.048,0.898,0.049,0.787,0.172,-0.502,-2.103
626,Landscaping and Groundskeeping Workers,-1.525,-1.047,-0.17,1.406,-0.717,0.667,0.055
627,"Pesticide Handlers, Sprayers, and Applicators, Vegetation",-0.521,0.55,-0.358,1.3,-0.231,-0.55,-0.976
628,Tree Trimmers and Pruners,-0.588,-0.358,-0.106,1.665,-0.429,-0.083,0.15
630,Gaming Supervisors,-1.371,0.438,0.562,-0.608,-1.794,-1.049,1.514
631,Slot Supervisors,-1.484,1.209,0.031,-0.67,0.447,-1.161,0.598
632,First-Line Supervisors of Personal Service Workers,-0.317,1.038,1.093,-0.656,-0.22,0.097,0.564
633,Spa Managers,-0.483,2.475,0.079,-0.977,0.128,-0.218,0.821
634,Animal Trainers,-0.312,0.804,0.208,0.36,0.107,0.504,-1.468
635,Nonfarm Animal Caretakers,-0.953,-0.634,-0.028,-0.409,0.004,-0.503,-1.494
636,Gaming Dealers,-1.742,0.083,0.123,-1.233,1.292,-0.453,-0.034
637,Gaming and Sports Book Writers and Runners,-1.62,-0.72,-0.136,-1.218,0.295,-0.858,0.763
639,Motion Picture Projectionists,-1.049,-0.862,-0.857,-0.106,-0.216,-0.469,-1.559
640,"Ushers, Lobby Attendants, and Ticket Takers",-2.303,-0.242,0.582,-0.988,-0.616,-0.665,-0.326
641,Amusement and Recreation Attendants,-2.476,-0.488,0.526,-0.79,-1.054,-1.039,0.539
642,Costume Attendants,-1.707,-0.138,0.171,-0.378,0.894,2.346,1.293
643,"Locker Room, Coatroom, and Dressing Room Attendants",-2.602,-1.176,0.687,-1.148,-1.269,-0.577,-0.009
645,Embalmers,-0.047,-0.132,1.963,0.9,0.68,-0.206,-1.169
646,Funeral Attendants,-1.522,-0.272,1.215,0.544,-1.955,-0.232,0.38
647,"Morticians, Undertakers, and Funeral Directors",-0.654,1.434,2.13,1.176,-0.62,0.157,-0.485
648,Barbers,-1.185,-0.355,0.994,-0.907,1.686,0.595,-1.793
649,"Hairdressers, Hairstylists, and Cosmetologists",-0.889,0.696,0.076,-0.961,2.984,1.91,-0.337
650,"Makeup Artists, Theatrical and Performance",-1.137,0.181,0.385,-0.452,2.13,3.184,0.637
651,Manicurists and Pedicurists,-2.09,-0.661,0.11,-0.53,0.406,0.607,-1.62
652,Shampooers,-2.22,-0.427,0.393,-1.107,0.523,-0.233,0.524
653,Skincare Specialists,-1.347,-0.686,0.914,-1.488,1.38,0.75,0.443
654,Baggage Porters and Bellhops,-1.346,-0.067,-0.079,-0.144,-0.432,-0.451,0.088
655,Concierges,-1.154,0.848,0.892,-0.865,-0.598,0.712,-0.028
656,Tour Guides and Escorts,-1.507,-1.363,1.289,-0.226,-2.345,0.674,0.229
657,Travel Guides,-1.143,0.805,-0.196,-0.725,-0.82,0.888,0.594
658,Childcare Workers,-0.85,-0.448,1.057,-0.464,-0.315,1.16,0.509
659,Nannies,-0.251,-0.287,1.675,-0.272,-0.482,1.01,-1.237
660,Personal Care Aides,-0.709,-1.522,1.796,-0.562,-0.247,-0.504,0.089
661,Fitness Trainers and Aerobics Instructors,-1.045,-0.45,1.531,-0.416,-0.563,1.272,-2.041
662,Recreation Workers,-0.993,0.955,1.334,-0.005,-1.145,1.709,0.661
663,Residential Advisors,-0.874,1.396,1.247,-0.28,-0.686,0.645,0.862
665,First-Line Supervisors of Retail Sales Workers,-1.164,1.425,0.39,-0.805,0.143,-0.399,1.423
666,First-Line Supervisors of Non-Retail Sales Workers,0.076,3.403,-0.216,-0.629,0.028,-0.526,-0.986
667,Cashiers,-1.619,0.04,-0.118,-1.46,0.491,-0.874,0.587
668,Gaming Change Persons and Booth Cashiers,-1.576,-0.462,-0.213,-1.425,0.735,-1.23,0.346
669,Counter and Rental Clerks,-1.704,0.923,-0.082,-0.844,-0.191,-1.029,0.012
670,Parts Salespersons,-0.763,1.373,-0.441,-0.406,0.433,-0.777,0.417
671,Retail Salespersons,-1.519,1.173,-0.154,-0.875,-0.396,-0.119,-0.1
672,Advertising Sales Agents,-1.036,1.59,-0.659,-1.108,-1.493,1.029,-0.165
673,Insurance Sales Agents,-0.173,0.458,-0.211,-1.393,-1.387,-1.094,-1.18
675,"Sales Agents, Securities and Commodities",0.524,1.159,0.042,-1.119,-1.199,-1.015,-2.257
676,"Sales Agents, Financial Services",-0.236,1.358,0.115,-1.549,0.017,-0.563,-0.104
677,Securities and Commodities Traders,-0.065,-0.357,-1.386,-1.324,-0.933,-0.747,0.373
678,Travel Agents,-0.796,1.005,-1.225,-1.562,-0.353,-0.283,-1.626
680,Energy Brokers,0.388,0.111,-1.172,-1.449,0.089,-0.574,0.961
681,"Sales Representatives, Wholesale and Manufacturing, Technical and Scientific Products",-0.37,0.738,-0.284,-0.707,-1.085,-0.72,0.14
682,Solar Sales Representatives and Assessors,-0.276,0.491,-0.494,-0.498,-1.167,-0.227,0.374
683,"Sales Representatives, Wholesale and Manufacturing, Except Technical and Scientific Products",-0.679,1.699,-0.376,-0.674,-0.507,-0.368,-0.559
684,Demonstrators and Product Promoters,-1.551,0.429,0.049,-1.242,-0.089,0.248,-0.566
685,Models,-2.485,-2.387,-0.563,-1.453,-2.804,1.675,-1.867
686,Real Estate Brokers,-0.407,0.865,0.297,-0.609,-2.419,-0.691,-0.221
687,Real Estate Sales Agents,-0.66,1.979,0.394,-0.464,-1.302,-0.655,-1.947
688,Sales Engineers,0.401,1.982,-0.88,-0.722,0.619,-0.022,-0.069
689,Telemarketers,-2.175,0.041,-0.696,-2.023,-0.859,-0.794,-0.838
690,"Door-To-Door Sales Workers, News and Street Vendors, and Related Workers",-1.845,1.534,-0.472,-1.129,-1.835,-0.261,-2.157
692,First-Line Supervisors of Office and Administrative Support Workers,-0.15,1.923,-0.023,-0.915,0.106,-0.407,0.574
693,"Switchboard Operators, Including Answering Service",-1.523,-0.523,0.706,-1.54,0.32,-1.345,0.331
694,Telephone Operators,-1.685,0.01,0.478,-2.197,1.197,-0.957,-0.76
696,Bill and Account Collectors,-0.74,0.645,-0.828,-1.732,-0.674,-1.542,-1.166
698,Statement Clerks,-1.036,-0.923,-0.03,-1.848,0.171,-1.009,0.519
699,"Billing, Cost, and Rate Clerks",-0.995,-0.408,-0.033,-1.759,0.383,-1.769,-0.182
700,"Bookkeeping, Accounting, and Auditing Clerks",-0.55,-0.704,-0.244,-1.958,0.096,-1.701,0.031
701,Gaming Cage Workers,-1.637,-0.56,0.094,-1.761,-0.029,-1.499,0.66
702,Payroll and Timekeeping Clerks,-0.496,-1.235,0.03,-1.642,-0.693,-1.441,-0.208
703,Procurement Clerks,-0.203,-0.519,-0.082,-1.014,-2.163,-1.223,1.19
704,Tellers,-1.084,0.687,-0.076,-1.774,1.068,-1.281,0.57
706,Brokerage Clerks,-0.021,-1.107,-0.785,-1.652,0.303,-1.074,0.508
707,Correspondence Clerks,-0.128,0.258,-0.342,-1.545,0.031,-0.823,0.384
709,Court Clerks,-1.115,-0.618,-0.305,-1.621,-0.498,-1.447,0.393
710,Municipal Clerks,-0.805,-0.414,0.124,-1.8,-0.464,-1.098,0.572
711,License Clerks,-1.002,-0.79,0.699,-1.413,0.086,-1.536,0.399
713,Credit Authorizers,-0.328,0.718,-0.152,-1.579,0.191,-1.7,0.899
714,Credit Checkers,-1.026,0.107,-0.836,-1.487,-1.309,-1.804,0.439
715,Customer Service Representatives,-1.068,0.7,-0.105,-1.955,0.471,-1.008,-0.834
716,Patient Representatives,-0.064,0.516,2.216,-0.629,-0.322,-0.3,0.813
717,"Eligibility Interviewers, Government Programs",-0.565,-0.199,1.25,-1.246,-0.326,-0.835,-0.768
718,File Clerks,-0.754,-1.014,0.03,-1.321,0.145,-0.478,0.51
719,"Hotel, Motel, and Resort Desk Clerks",-1.6,0.954,0.298,-1.441,0.224,-0.691,0.98
720,"Interviewers, Except Eligibility and Loan",-1.64,-1.197,-0.037,-1.778,-0.617,-0.94,0.319
721,"Library Assistants, Clerical",-0.982,-1.162,0.626,-1.375,-0.129,-0.492,0.382
722,Loan Interviewers and Clerks,0.09,0.339,-0.597,-1.732,0.334,-1.25,-0.081
723,New Accounts Clerks,-0.744,1.395,-0.026,-2.11,1.269,-1.282,-0.234
724,Order Clerks,-0.939,1.187,-0.19,-1.288,0.496,-0.779,0.266
725,"Human Resources Assistants, Except Payroll and Timekeeping",-0.941,0.2,-0.197,-1.693,-1.093,-1.279,0.771
726,Receptionists and Information Clerks,-1.122,-0.805,0.4,-2.009,0.27,-0.859,0.839
727,Reservation and Transportation Ticket Agents and Travel Clerks,-1.044,0.561,0.968,-1.233,0.594,-0.627,0.292
729,Cargo and Freight Agents,-0.431,-0.192,-0.408,-0.625,-1.512,-0.954,-0.102
730,Freight Forwarders,-0.513,0.44,-0.821,-1.086,-1.078,-0.995,0.799
731,Couriers and Messengers,-0.699,-1.99,-0.102,-0.414,0.392,-1.249,-0.039
732,"Police, Fire, and Ambulance Dispatchers",-0.66,0.568,1.024,-1.096,0.849,-0.682,0.59
733,"Dispatchers, Except Police, Fire, and Ambulance",-0.769,1.072,-0.587,-0.669,0.07,-0.126,0.801
734,"Meter Readers, Utilities",-0.924,-0.506,-0.248,0.842,-0.379,-0.669,0.075
735,Postal Service Clerks,-1.07,-0.15,0.195,-0.794,0.778,-0.888,-0.184
736,Postal Service Mail Carriers,-1.444,-1.171,0.112,-0.301,-0.43,-1.096,-2.318
737,"Postal Service Mail Sorters, Processors, and Processing Machine Operators",-1.414,-1.341,-0.354,-0.207,0.251,-0.653,0.368
738,"Production, Planning, and Expediting Clerks",-0.231,0.553,-0.568,0.039,-0.497,-0.449,1.001
739,"Shipping, Receiving, and Traffic Clerks",-1.119,-0.242,-0.514,-0.152,-0.014,-0.536,0.622
741,"Stock Clerks, Sales Floor",-1.74,-0.319,-0.807,-0.89,-0.254,-0.538,0.914
742,Marking Clerks,-1.625,-0.386,-0.606,-0.928,0.518,-0.771,0.251
743,"Stock Clerks- Stockroom, Warehouse, or Storage Yard",-1.812,-0.696,-0.918,-0.179,-0.917,-0.965,0.165
744,"Order Fillers, Wholesale and Retail Sales",-1.799,-0.435,-0.582,-0.438,-0.658,-0.884,-0.215
745,"Weighers, Measurers, Checkers, and Samplers, Recordkeeping",-0.719,0.764,-0.887,0.16,0.31,-0.707,-0.042
746,Executive Secretaries and Executive Administrative Assistants,-0.683,0.237,-0.081,-1.634,0.423,-0.073,1.039
747,Legal Secretaries,-0.665,-1.037,-0.302,-1.896,-0.677,-1.194,0.392
748,Medical Secretaries,-0.475,-1.509,1.092,-1.372,0.234,-0.991,1.224
749,"Secretaries and Administrative Assistants, Except Legal, Medical, and Executive",-0.909,-0.617,0.547,-1.591,-0.295,-0.905,0.645
750,Computer Operators,0.347,-0.48,-0.23,-0.632,0.455,-0.758,-0.345
751,Data Entry Keyers,-0.329,-0.458,0.351,-2.027,2.044,-1.005,-0.01
752,Word Processors and Typists,-1.402,-0.709,-0.379,-2.098,0.741,-1.143,-0.035
753,Desktop Publishers,-0.249,0.552,-0.741,-0.83,1.538,2.636,1.081
755,Insurance Claims Clerks,-0.697,-0.707,0.297,-2.194,-0.015,-1.73,0.063
756,Insurance Policy Processing Clerks,-0.858,-1.282,-0.709,-1.961,-0.954,-1.497,0.274
757,"Mail Clerks and Mail Machine Operators, Except Postal Service",-1.541,-0.696,-0.584,-0.968,0.764,-0.528,0.734
758,"Office Clerks, General",-0.874,-1.273,0.198,-1.494,-0.408,-1.005,0.843
759,"Office Machine Operators, Except Computer",-0.798,-0.521,-0.556,-0.617,0.096,-0.403,-0.644
760,Proofreaders and Copy Markers,-0.996,-3.349,-0.454,-1.775,-1.124,-0.033,1.454
761,Statistical Assistants,0.882,-0.891,-0.824,-1.598,-0.499,-1.153,0.176
762,Bioinformatics Technicians,1.237,-1.265,-1.213,-1.052,-0.359,-0.152,0.246
765,First-Line Supervisors of Logging Workers,-0.162,1.015,-0.642,1.729,-0.322,-0.09,0.525
766,First-Line Supervisors of Aquacultural Workers,0.419,1.731,-0.216,1.134,0.081,-0.451,-0.206
767,First-Line Supervisors of Agricultural Crop and Horticultural Workers,0.057,1.359,0.192,1.185,-0.34,-0.651,-0.955
768,First-Line Supervisors of Animal Husbandry and Animal Care Workers,-0.07,0.696,0.205,0.668,0.005,-0.792,-0.371
769,Agricultural Inspectors,-0.174,0.414,0,0.293,-0.199,-0.967,-0.354
770,Animal Breeders,-0.255,-0.469,-0.3,-0.269,0.095,-1.076,-3.023
771,"Graders and Sorters, Agricultural Products",-2.246,-0.768,-1.102,-0.704,0.281,-0.793,-0.874
772,Agricultural Equipment Operators,-0.354,-1.59,-0.327,1.653,-0.674,-0.724,-1.575
774,Nursery Workers,-1.927,-0.279,-0.949,-0.53,0.219,-0.66,-1.706
775,"Farmworkers and Laborers, Crop",-1.61,-1.51,-0.874,0.487,-0.674,-0.217,0.596
776,"Farmworkers, Farm, Ranch, and Aquacultural Animals",-0.59,0.593,-0.903,1.38,-0.447,-0.285,-0.751
778,Fishers and Related Fishing Workers,-0.956,-0.3,-0.497,1.063,0.221,-0.594,-0.349
779,Hunters and Trappers,0.212,-0.813,-0.518,0.661,0.258,0.056,-4.228
780,Forest and Conservation Workers,-0.437,1.439,-0.805,0.732,0.24,-0.081,-0.3
781,Fallers,-0.669,-1.43,-0.332,1.582,-1.034,-0.545,-1.183
782,Logging Equipment Operators,-0.988,0.181,-1.172,0.759,0.337,-0.108,0.452
783,Log Graders and Scalers,-0.687,0.871,-0.71,0.839,-0.043,-0.518,-1.219
785,First-Line Supervisors of Construction Trades and Extraction Workers,-0.238,1.482,-0.062,1.401,-0.275,-0.169,0.697
786,Solar Energy Installation Managers,0.004,1.746,-0.566,0.334,0.537,-0.112,0.603
787,Boilermakers,-0.086,0.755,-0.497,1.672,1.306,-0.204,-0.295
788,Brickmasons and Blockmasons,-0.603,0.301,-0.707,1.437,0.511,0.18,0.477
789,Stonemasons,-0.591,0.845,-0.442,0.792,0.757,0.26,-0.728
791,Construction Carpenters,-0.644,-0.086,-0.195,1.394,-0.051,0.261,1.18
792,Rough Carpenters,-0.67,0.771,-0.719,1.146,0.561,0.6,0.704
793,Carpet Installers,-0.791,-0.22,-0.249,0.736,0.297,-0.051,-0.245
794,"Floor Layers, Except Carpet, Wood, and Hard Tiles",-0.643,-0.005,-0.712,0.727,0.348,0.425,-0.831
795,Floor Sanders and Finishers,-0.934,-0.357,-1.461,1.349,0.055,0.115,-0.277
796,Tile and Marble Setters,-0.776,-0.012,-1.199,0.958,0.135,0.781,0.111
797,Cement Masons and Concrete Finishers,-1.226,0.46,-0.804,1.667,0.137,-0.012,0.437
798,Terrazzo Workers and Finishers,-1.543,-0.036,-0.768,0.964,0.488,0.39,0.538
799,Construction Laborers,-1.139,-0.185,-0.257,1.551,-0.457,-0.083,-0.644
800,"Paving, Surfacing, and Tamping Equipment Operators",-1.144,-0.574,-0.384,1.727,-0.879,-0.274,0.372
801,Pile-Driver Operators,-0.877,-0.836,-0.11,2.092,-0.612,0.067,0.867
802,Operating Engineers and Other Construction Equipment Operators,-1.072,0.083,-0.804,1.721,-0.585,-0.102,0.156
803,Drywall and Ceiling Tile Installers,-0.767,-1.216,-0.47,0.563,0.36,-0.051,-0.001
804,Tapers,-1.623,-1.147,-0.873,0.533,-0.657,-0.156,-0.353
805,Electricians,0.329,0.2,-0.631,1.353,0.706,-0.067,0.002
806,Glaziers,-0.703,-0.693,-0.585,1.069,0.105,-0.254,0.829
807,"Insulation Workers, Floor, Ceiling, and Wall",-1.122,0.071,-0.535,0.987,-0.112,-0.255,-0.229
808,"Insulation Workers, Mechanical",-0.357,-0.032,0.148,1.381,0.616,0.275,0.516
809,"Painters, Construction and Maintenance",-1.467,0.664,-0.272,0.302,0.314,0.234,0.156
810,Paperhangers,-1.028,-0.429,0.061,0.24,0.651,0.037,-1.423
811,Pipelayers,-0.85,-0.362,-0.085,1.364,-0.174,-0.129,0.946
813,Pipe Fitters and Steamfitters,-0.307,-0.123,-0.628,1.323,0.569,0.448,0.873
814,Plumbers,0.377,-0.364,0.421,1.636,0.642,-0.231,-0.988
815,Plasterers and Stucco Masons,-1.456,0.261,-0.999,0.685,0.241,0.768,0.257
816,Reinforcing Iron and Rebar Workers,-0.798,-0.431,-0.319,1.373,0.187,-0.046,0.566
817,Roofers,-0.859,0.619,-0.149,1.576,-0.021,-0.228,0.118
818,Sheet Metal Workers,-0.578,-0.173,-0.893,0.783,0.587,-0.051,0.808
819,Structural Iron and Steel Workers,-0.514,-0.152,-0.01,1.812,0.658,0.168,0.952
820,Solar Photovoltaic Installers,-0.6,0.826,-0.922,0.58,0.592,-0.143,-1.055
821,"Helpers--Brickmasons, Blockmasons, Stonemasons, and Tile and Marble Setters",-1.185,-0.506,-0.702,1.63,-0.513,0.055,0.411
822,Helpers--Carpenters,-0.677,-0.367,-0.459,1.46,-0.262,0.52,0.133
823,Helpers--Electricians,-0.701,-1.066,0.205,1.168,0.094,-0.294,-0.307
824,"Helpers--Painters, Paperhangers, Plasterers, and Stucco Masons",-1.971,-0.858,-0.908,0.289,-0.249,0.08,1.081
825,"Helpers--Pipelayers, Plumbers, Pipefitters, and Steamfitters",-0.836,-0.022,-0.777,0.988,0.393,0.089,-0.369
826,Helpers--Roofers,-1.352,0.848,-0.402,1.331,0.292,0.171,-0.113
828,Construction and Building Inspectors,0.804,-0.14,-0.469,0.469,-0.793,-1.151,-1.111
829,Elevator Installers and Repairers,1.051,0.064,-0.011,1.857,0.845,-0.12,-0.693
830,Fence Erectors,-0.909,0.024,-0.782,1.227,0.215,-0.122,-0.83
831,Hazardous Materials Removal Workers,-0.365,0.407,0.239,0.897,0.2,-0.123,0.045
832,Highway Maintenance Workers,-1.271,1.21,-0.37,1.406,0.272,-0.351,0.293
833,Rail-Track Laying and Maintenance Equipment Operators,-0.653,0.429,-0.285,1.829,-0.023,0.032,0.115
834,Septic Tank Servicers and Sewer Pipe Cleaners,-0.525,-0.949,-0.042,1.62,-0.402,-0.432,0.637
835,Segmental Pavers,-0.974,1.337,-0.407,0.813,0.169,-0.233,0.1
837,Solar Thermal Installers and Technicians,-0.309,0.548,-0.045,0.308,0.658,0.1,0.34
838,Weatherization Installers and Technicians,-0.525,0.081,-0.095,1.161,0.221,-0.286,0.683
839,"Derrick Operators, Oil and Gas",-0.215,-0.531,0.131,2.223,-0.167,-0.497,0.935
840,"Rotary Drill Operators, Oil and Gas",-0.103,0.676,-0.32,1.9,0.578,-0.142,1.344
841,"Service Unit Operators, Oil, Gas, and Mining",-0.251,1.265,-0.197,2.088,-0.053,-0.393,0.53
842,"Earth Drillers, Except Oil and Gas",-0.177,0.357,-0.239,1.828,0.099,0.006,-1.776
843,"Explosives Workers, Ordnance Handling Experts, and Blasters",0.588,0.676,-0.494,1.911,1.165,-0.007,0.123
844,Continuous Mining Machine Operators,-0.537,-0.796,-0.186,2.047,-0.366,-0.121,1.037
845,Mine Cutting and Channeling Machine Operators,-0.633,-0.715,-0.389,1.908,-0.429,-0.212,0.876
847,"Rock Splitters, Quarry",-1.085,-1.325,-0.116,1.554,-0.979,0.132,-0.787
848,"Roof Bolters, Mining",-0.68,-0.997,-0.023,2.353,-0.511,-0.46,1.344
849,"Roustabouts, Oil and Gas",-1.157,-0.949,-0.358,1.939,-0.64,-0.088,0.915
850,Helpers--Extraction Workers,-0.734,1.018,-0.799,2.151,0.371,-0.126,0.418
852,"First-Line Supervisors of Mechanics, Installers, and Repairers",0.231,1.565,0.286,1.238,0.033,-0.516,1.085
853,"Computer, Automated Teller, and Office Machine Repairers",0.772,-0.934,-0.906,-0.127,1.084,-0.383,-1.102
854,"Radio, Cellular, and Tower Equipment Installers and Repairers",-0.165,-0.077,-0.586,0.227,0.998,-0.554,0.525
855,Radio Mechanics,0.56,-0.723,-0.192,0.27,1.28,-0.191,-0.239
856,"Telecommunications Equipment Installers and Repairers, Except Line Installers",0.453,0.028,0.006,0.88,1.249,-0.32,-0.663
857,Avionics Technicians,0.798,-0.189,-0.431,0.313,1.432,-0.186,-0.068
858,"Electric Motor, Power Tool, and Related Repairers",0.52,0.271,-0.466,1.272,1.77,-0.179,-0.1
859,"Electrical and Electronics Installers and Repairers, Transportation Equipment",-0.204,-1.086,-0.402,0.547,0.596,-0.156,0.821
860,"Electrical and Electronics Repairers, Commercial and Industrial Equipment",0.706,0.142,-0.44,0.774,1.537,0.294,-0.916
861,"Electrical and Electronics Repairers, Powerhouse, Substation, and Relay",0.746,-1.057,0.335,1.208,0.325,-0.337,1.279
862,"Electronic Equipment Installers and Repairers, Motor Vehicles",-0.017,0.64,-0.82,0.554,1.975,0.351,-0.022
863,Electronic Home Entertainment Equipment Installers and Repairers,0.41,0.518,-0.151,-0.087,1.562,-0.53,-3.642
864,Security and Fire Alarm Systems Installers,-0.061,-0.46,-0.09,0.468,0.321,-0.237,0.164
865,Aircraft Mechanics and Service Technicians,0.976,0.992,-0.583,1.349,1.585,-0.134,-1.761
866,Automotive Body and Related Repairers,-0.547,-0.573,-0.69,1.084,-0.077,-0.007,-1.488
867,Automotive Glass Installers and Repairers,-1.387,-0.421,-0.397,0.443,-0.404,-0.322,-0.949
869,Automotive Master Mechanics,0.432,0.861,-0.936,1.566,1.51,-0.324,-1.166
870,Automotive Specialty Technicians,0.001,0.248,-0.379,1.678,1.017,-0.77,-1.233
871,Bus and Truck Mechanics and Diesel Engine Specialists,-0.265,0.264,-0.309,1.489,0.807,-0.12,-0.838
872,Farm Equipment Mechanics and Service Technicians,0.462,-0.101,0.25,1.493,1.266,-0.386,-1.494
873,"Mobile Heavy Equipment Mechanics, Except Engines",0.111,0.338,-0.748,1.59,1.376,0.144,-0.019
874,Rail Car Repairers,-0.734,0.059,-0.77,1.513,0.594,0.145,-0.872
875,Motorboat Mechanics and Service Technicians,0.222,-0.892,0.021,1.303,0.725,-0.438,-0.757
876,Motorcycle Mechanics,-0.078,-0.357,-0.592,0.599,1.488,0.264,-0.427
877,Outdoor Power Equipment and Other Small Engine Mechanics,-0.115,0.355,-0.385,1.149,1.19,-0.041,-2.707
878,Bicycle Repairers,-0.266,1.38,-0.138,0.225,2.188,-0.116,-1.713
879,Recreational Vehicle Service Technicians,0.078,0.206,-0.303,1.181,0.89,-0.244,-1.039
880,Tire Repairers and Changers,-0.835,-0.469,-0.274,1.374,-0.121,-0.173,0.375
881,Mechanical Door Repairers,-0.443,0.341,-0.48,1.078,0.604,-0.193,-0.395
882,"Control and Valve Installers and Repairers, Except Mechanical Door",0.027,-0.44,-0.371,1.33,0.165,-0.245,0.597
884,Heating and Air Conditioning Mechanics and Installers,0.094,0.916,-0.25,1.265,1.301,0.052,-0.312
885,Refrigeration Mechanics and Installers,0.478,0.296,-0.027,1.725,0.478,-0.499,-0.018
886,Home Appliance Repairers,0.399,0.022,-0.147,0.618,1.499,-0.753,-1.199
887,Industrial Machinery Mechanics,0.39,-1.258,-0.012,1.553,0.708,-0.062,0.483
888,"Maintenance Workers, Machinery",-0.182,-1.051,0.043,1.284,-0.159,0.168,0.223
889,Millwrights,0.083,0.928,-0.028,1.693,1.795,0.091,0.359
890,"Refractory Materials Repairers, Except Brickmasons",-0.914,-1.043,-0.443,1.774,-0.493,-0.443,0.378
891,Electrical Power-Line Installers and Repairers,-0.094,1.161,-0.429,1.838,0.568,0.232,0.023
892,Telecommunications Line Installers and Repairers,-0.272,-0.035,0.093,1.332,0.201,-0.289,0.459
893,Camera and Photographic Equipment Repairers,0.546,-0.842,-0.78,-0.062,1.315,0.279,-2.872
894,Medical Equipment Repairers,0.682,-0.104,-0.174,0.039,1.996,-0.087,-1.247
895,Musical Instrument Repairers and Tuners,-0.075,0.871,-0.695,0.481,2.198,1.632,-3.058
896,Watch Repairers,0.128,-0.345,-0.354,-0.227,2.178,-0.132,-2.381
898,"Maintenance and Repair Workers, General",-0.167,-1.175,0.254,1.321,0.459,-0.295,0.071
899,Wind Turbine Service Technicians,0.413,-0.153,-0.529,1.582,0.362,-0.06,0.55
900,"Coin, Vending, and Amusement Machine Servicers and Repairers",-0.556,-1.105,0.164,-0.121,0.934,-0.757,-2.475
901,Commercial Divers,0.279,0.347,-0.235,1.097,1.246,0.14,0.836
902,"Fabric Menders, Except Garment",-0.749,-0.972,-0.028,0.765,0.415,-0.075,-2.437
903,Locksmiths and Safe Repairers,0.016,0.327,-0.64,0.353,1.009,-0.492,-1.724
904,Manufactured Building and Mobile Home Installers,-0.248,2.431,-0.039,1.641,1.683,0.416,-0.983
905,Riggers,-0.449,-1.365,0.325,1.591,-0.589,-0.215,0.891
906,Signal and Track Switch Repairers,0.336,-0.725,-0.299,1.543,0.686,-0.522,0.049
907,"Helpers--Installation, Maintenance, and Repair Workers",-0.61,-0.847,-0.538,0.49,0.386,-0.583,-0.543
909,Geothermal Technicians,0.315,-0.666,-0.202,1.832,-0.62,-0.133,0.332
910,First-Line Supervisors of Production and Operating Workers,0.155,1.692,0.011,0.996,-0.478,-0.692,-0.349
911,"Aircraft Structure, Surfaces, Rigging, and Systems Assemblers",-0.499,-0.067,-0.308,0.806,1.094,0.224,-0.072
912,"Coil Winders, Tapers, and Finishers",-1.133,-0.645,0.282,0.758,0.2,-0.182,-0.316
913,Electrical and Electronic Equipment Assemblers,-0.821,0.007,-1.025,0.075,1.332,-0.471,-0.603
914,Electromechanical Equipment Assemblers,-0.431,-1.463,-0.723,-0.169,1.182,-0.314,0.218
915,Engine and Other Machine Assemblers,-0.673,-0.719,-0.214,0.809,0.735,-0.017,0.294
916,Structural Metal Fabricators and Fitters,-0.75,-1.517,0.393,0.939,-0.423,0.013,-0.497
917,Fiberglass Laminators and Fabricators,-0.523,0.168,-0.547,1.241,0.511,0.412,0.505
918,Team Assemblers,-0.874,-0.513,-0.32,-0.338,1.263,-0.583,-0.117
919,Timing Device Assemblers and Adjusters,-0.355,-0.621,-0.992,-0.279,1.338,-0.1,-1.369
921,Bakers,-1.342,-0.459,-0.495,-0.194,-0.001,0.318,-0.199
922,Butchers and Meat Cutters,-1.663,0.94,-0.648,0.514,0.303,-0.461,0.502
923,"Meat, Poultry, and Fish Cutters and Trimmers",-1.816,0.594,-0.387,0.678,0.082,-0.191,0.118
924,Slaughterers and Meat Packers,-1.993,-1.558,-0.487,-0.087,0.419,0.021,0.959
925,"Food and Tobacco Roasting, Baking, and Drying Machine Operators and Tenders",-1.046,0.232,-0.749,0.144,0.176,-0.621,-0.881
926,Food Batchmakers,-0.804,-0.244,-0.421,0.558,0.061,-0.287,-0.258
927,Food Cooking Machine Operators and Tenders,-0.796,-0.366,-0.151,0.747,-0.187,-0.692,1.018
929,"Computer-Controlled Machine Tool Operators, Metal and Plastic",0.225,-0.212,-0.948,0.987,0.5,0.001,-0.735
930,"Computer Numerically Controlled Machine Tool Programmers, Metal and Plastic",0.572,-0.506,-0.878,0.957,0.047,0.45,-0.098
931,"Extruding and Drawing Machine Setters, Operators, and Tenders, Metal and Plastic",-0.739,-0.044,-0.37,1.242,-0.016,-0.362,-0.917
932,"Forging Machine Setters, Operators, and Tenders, Metal and Plastic",-0.835,-0.388,-0.59,1.031,-0.342,0.12,0.652
933,"Rolling Machine Setters, Operators, and Tenders, Metal and Plastic",-0.263,-0.587,-0.672,1.163,0.328,-0.215,1.268
934,"Cutting, Punching, and Press Machine Setters, Operators, and Tenders, Metal and Plastic",-0.298,-0.716,-0.704,1.244,-0.075,-0.117,-1.51
935,"Drilling and Boring Machine Tool Setters, Operators, and Tenders, Metal and Plastic",-0.516,-0.745,-0.264,0.479,0.5,-0.135,-0.252
936,"Grinding, Lapping, Polishing, and Buffing Machine Tool Setters, Operators, and Tenders, Metal and Plastic",-0.741,-0.208,-0.781,0.719,0.416,-0.618,-0.775
937,"Lathe and Turning Machine Tool Setters, Operators, and Tenders, Metal and Plastic",-0.497,-1.298,-0.107,0.839,0.395,0.058,-0.369
938,"Milling and Planing Machine Setters, Operators, and Tenders, Metal and Plastic",-0.649,-0.615,-1.086,0.554,0.336,-0.263,-0.393
939,Machinists,-0.112,-0.551,-1.035,1.11,0.511,0.367,-0.948
940,Metal-Refining Furnace Operators and Tenders,-0.42,-0.562,-0.381,1.787,-0.164,-0.205,0.1
941,"Pourers and Casters, Metal",-0.85,0.047,-0.344,1.996,-0.476,-0.1,-0.957
942,"Model Makers, Metal and Plastic",0.269,-1.371,-0.787,1.121,0.006,0.071,0.258
943,"Patternmakers, Metal and Plastic",-0.248,-1.436,-1.035,1.013,-0.027,1.02,0.565
944,Foundry Mold and Coremakers,-0.96,-0.462,-0.718,1.323,0.624,0.062,-1.285
945,"Molding, Coremaking, and Casting Machine Setters, Operators, and Tenders, Metal and Plastic",-0.251,-1.099,-0.262,1.358,-0.295,-0.409,-0.965
946,"Multiple Machine Tool Setters, Operators, and Tenders, Metal and Plastic",-0.28,-1.061,-0.801,1.335,-0.412,0.023,-0.269
947,Tool and Die Makers,0.162,-1.054,-0.239,1.017,0.364,0.922,-0.048
949,"Welders, Cutters, and Welder Fitters",-0.51,0.109,-0.851,1.269,0.032,0.316,-0.315
950,Solderers and Brazers,-1.47,-1.934,-0.549,0.235,0.04,-0.208,-0.341
951,"Welding, Soldering, and Brazing Machine Setters, Operators, and Tenders",-0.734,-0.389,-0.496,1.194,-0.103,-0.258,-1.496
952,"Heat Treating Equipment Setters, Operators, and Tenders, Metal and Plastic",-0.626,-0.731,-0.262,1.257,0.029,-0.475,0.025
953,"Layout Workers, Metal and Plastic",-0.155,0.316,-0.649,1.451,0.355,0.055,-1.182
954,"Plating and Coating Machine Setters, Operators, and Tenders, Metal and Plastic",-0.831,-0.217,-0.402,1.327,-0.198,0.003,0.289
955,"Tool Grinders, Filers, and Sharpeners",-0.193,-0.485,-0.878,0.532,1.607,-0.097,-0.455
957,Prepress Technicians and Workers,-0.7,0.09,-0.946,-0.462,0.577,0.602,-0.125
958,Printing Press Operators,0.259,-0.871,-1.1,1.321,-0.195,0.271,-1.123
959,Print Binding and Finishing Workers,-0.582,-0.456,-0.921,0.516,0.849,0.502,0.784
960,Laundry and Dry-Cleaning Workers,-1.625,-0.615,0.026,-0.526,0.323,-0.822,-0.722
961,"Pressers, Textile, Garment, and Related Materials",-1.637,-1.61,-0.116,-0.034,0.252,0.285,-0.882
962,Sewing Machine Operators,-1.442,-1.328,-0.678,-0.465,0.733,-0.382,-1.136
963,Shoe and Leather Workers and Repairers,-1.421,-1.291,-0.698,0.063,0.113,0.457,-1.455
964,Shoe Machine Operators and Tenders,-1.001,-1.046,-0.543,0.074,0.597,0.243,-1.189
965,"Sewers, Hand",-0.721,0.276,-0.921,-0.762,2.62,1.915,-4.504
966,"Tailors, Dressmakers, and Custom Sewers",-1.145,-0.013,0.629,-0.748,1.825,1.056,-1.754
967,Textile Bleaching and Dyeing Machine Operators and Tenders,-0.995,-0.213,-0.411,0.513,0.164,-0.155,-1.258
968,"Textile Cutting Machine Setters, Operators, and Tenders",-0.993,0.213,-0.947,-0.02,0.787,-0.078,-0.754
969,"Textile Knitting and Weaving Machine Setters, Operators, and Tenders",-1.27,-1.02,-0.357,0.125,0.891,-0.137,-1.907
970,"Textile Winding, Twisting, and Drawing Out Machine Setters, Operators, and Tenders",-1.274,0.367,-0.698,0.574,0.885,-0.139,-1.051
971,"Extruding and Forming Machine Setters, Operators, and Tenders, Synthetic and Glass Fibers",-0.335,-0.817,-0.631,1.087,0.111,-0.825,1.168
972,Fabric and Apparel Patternmakers,0.239,-0.612,-1.169,-0.785,1.705,1.864,1.114
973,Upholsterers,-0.465,0.69,-0.817,0.069,2.173,0.343,-1.987
975,Cabinetmakers and Bench Carpenters,-0.333,-0.282,-0.69,0.829,1.34,0.175,-0.613
976,Furniture Finishers,-0.748,0.137,-0.427,0.726,0.807,0.897,-0.501
977,"Model Makers, Wood",0.212,-0.522,-0.597,1.208,0.951,1.869,-0.063
978,"Patternmakers, Wood",0.258,-1.877,-0.692,1.507,0.181,1.059,-0.457
979,"Sawing Machine Setters, Operators, and Tenders, Wood",-0.82,-1.307,-0.028,1.562,-0.387,-0.25,-0.393
980,"Woodworking Machine Setters, Operators, and Tenders, Except Sawing",-0.329,-2.052,-0.793,1.403,-0.294,-0.066,0.386
982,Nuclear Power Reactor Operators,0.837,-0.801,-0.799,-0.01,0.077,-0.888,1.888
983,Power Distributors and Dispatchers,0.597,-0.157,-0.723,-0.037,0.022,-0.702,0.564
984,Power Plant Operators,0.367,-0.756,-0.241,1.68,-0.447,-0.429,0.181
985,Stationary Engineers and Boiler Operators,0.156,0.166,-0.474,1.877,-0.198,-0.199,0.089
986,Water and Wastewater Treatment Plant and System Operators,0.231,0.002,-0.106,1.514,-0.617,-0.815,-0.43
987,Chemical Plant and System Operators,0.309,-1.489,-0.03,1.555,-0.801,-1.365,0.256
988,Gas Plant Operators,0.645,-0.999,0.022,1.64,-0.742,-0.689,-0.159
989,"Petroleum Pump System Operators, Refinery Operators, and Gaugers",0.236,0.002,-0.818,1.779,-0.329,-0.366,-0.007
991,Biofuels Processing Technicians,-0.248,0.202,-0.458,1.346,0.118,-0.657,0.891
993,Biomass Plant Technicians,-0.279,-0.043,-0.186,1.506,-0.329,-0.267,0.311
994,Hydroelectric Plant Technicians,0.403,0.329,-0.216,1.498,0.537,-0.127,0.026
995,Chemical Equipment Operators and Tenders,0.078,-0.305,0.013,1.383,-0.111,-0.885,0.873
996,"Separating, Filtering, Clarifying, Precipitating, and Still Machine Setters, Operators, and Tenders",-0.28,-1.055,-0.348,1.363,-0.579,-0.492,-0.309
997,"Crushing, Grinding, and Polishing Machine Setters, Operators, and Tenders",-0.569,-0.24,-0.45,1.376,-0.298,-0.515,0.248
998,"Grinding and Polishing Workers, Hand",-0.742,-0.453,-0.84,0.887,1.019,0.597,-0.993
999,"Mixing and Blending Machine Setters, Operators, and Tenders",-0.317,-1.273,0.079,0.909,-0.38,-0.542,0.482
1000,"Cutters and Trimmers, Hand",-1.063,-1.892,-0.307,0.812,-0.096,0.128,0.517
1001,"Cutting and Slicing Machine Setters, Operators, and Tenders",-0.857,0.227,-0.757,0.745,1.197,-0.678,-0.017
1002,"Extruding, Forming, Pressing, and Compacting Machine Setters, Operators, and Tenders",-0.601,-0.842,0.159,1.167,0.08,-0.173,0.241
1003,"Furnace, Kiln, Oven, Drier, and Kettle Operators and Tenders",-0.779,-0.661,-0.193,1.2,-0.796,-0.571,-0.815
1004,"Inspectors, Testers, Sorters, Samplers, and Weighers",-0.587,-1.15,-0.447,0.121,-0.113,-0.693,0.769
1006,Jewelers,-0.07,0.15,-0.958,0.257,2.707,2.52,-2.05
1007,Gem and Diamond Workers,-0.422,-1.029,-0.838,-0.082,1.223,0.405,0.201
1008,Precious Metal Workers,-0.222,-0.84,-0.767,0.607,0.822,1.61,-1.08
1009,Dental Laboratory Technicians,0.054,-0.521,0.327,0.831,1.705,0.516,-0.959
1010,Medical Appliance Technicians,0.722,-0.409,0.682,1.46,1.041,0.522,-0.396
1011,Ophthalmic Laboratory Technicians,-1.038,-0.571,-0.094,-0.394,1.622,-0.679,0.008
1012,Packaging and Filling Machine Operators and Tenders,-1.106,-0.133,-0.475,1.149,-0.249,0.188,-0.223
1013,"Coating, Painting, and Spraying Machine Setters, Operators, and Tenders",-0.745,-1.471,-0.117,0.854,0.06,-0.228,0.095
1014,"Painters, Transportation Equipment",-0.67,-0.181,-0.533,1.295,0.962,1.045,-0.684
1015,"Painting, Coating, and Decorating Workers",-1.456,-1.183,-1.302,0.625,0.043,1.265,-1.027
1016,Semiconductor Processors,-0.334,-1.014,-0.08,0.395,0.5,-0.063,0.094
1017,Photographic Process Workers and Processing Machine Operators,-0.279,-0.233,-0.132,0.097,0.667,0.4,-0.447
1018,Adhesive Bonding Machine Operators and Tenders,-0.854,-0.695,-0.145,1.139,0.258,-0.471,-0.423
1019,"Cleaning, Washing, and Metal Pickling Equipment Operators and Tenders",-1.125,-0.203,-0.731,0.438,-0.096,-0.669,-0.708
1020,Cooling and Freezing Equipment Operators and Tenders,0.086,0.078,-0.405,1.345,-0.275,-0.721,-0.385
1021,Etchers and Engravers,-0.569,-0.414,-0.63,0.506,0.513,0.897,-1.251
1023,"Stone Cutters and Carvers, Manufacturing",-0.962,0.705,-0.974,0.996,1.313,1.997,-0.863
1024,"Glass Blowers, Molders, Benders, and Finishers",-0.403,-1.942,-0.754,1.305,-0.018,1.28,-0.09
1025,"Potters, Manufacturing",-0.783,0.167,-0.706,0.338,1.77,2.788,-3.038
1026,Molding and Casting Workers,-0.923,-0.591,-0.72,0.571,0.286,-0.417,0.045
1027,"Paper Goods Machine Setters, Operators, and Tenders",-0.907,0.06,-1.175,0.996,0.139,-0.095,0.673
1028,Tire Builders,-1.261,-0.489,0.01,0.916,0.84,-0.317,-2.054
1029,Helpers--Production Workers,-1.432,-1.027,-0.474,0.495,-0.061,-0.433,-0.371
1031,Recycling and Reclamation Workers,-1.279,-0.255,-0.195,1.197,0.013,-0.217,-0.914
1032,Aircraft Cargo Handling Supervisors,-0.337,1.01,0.046,1.04,-0.207,-0.301,1.491
1033,"First-Line Supervisors of Helpers, Laborers, and Material Movers, Hand",-0.413,1.631,0.06,1.038,-0.399,-0.511,1.429
1034,Recycling Coordinators,-0.268,2.214,0.051,0.921,-0.395,-0.653,0.225
1035,First-Line Supervisors of Transportation and Material-Moving Machine and Vehicle Operators,-0.251,2.077,0.287,0.283,-0.027,-0.648,0.585
1036,"Airline Pilots, Copilots, and Flight Engineers",0.958,0.045,0.688,1.975,0.439,-0.385,1.896
1037,Commercial Pilots,0.832,0.157,0.257,1.183,0.53,-0.814,0.413
1038,Air Traffic Controllers,1.08,-0.467,-0.24,-0.479,0.83,-0.002,1.544
1039,Airfield Operations Specialists,0.193,0.664,-0.15,1.25,-0.763,-0.581,0.728
1040,Flight Attendants,-1.038,-0.439,2.603,0.524,0.325,-0.027,1.364
1041,"Ambulance Drivers and Attendants, Except Emergency Medical Technicians",-0.454,-0.346,1.266,0.897,-0.142,-0.384,-0.154
1042,"Bus Drivers, Transit and Intercity",-1.154,-0.311,1.118,0.144,0.023,-0.98,-1.742
1043,"Bus Drivers, School or Special Client",-0.455,-1.258,1.498,0.504,-0.536,-0.866,-1.402
1044,Driver/Sales Workers,-1.457,0.199,-1.359,-0.513,0.016,-0.743,-0.493
1045,Heavy and Tractor-Trailer Truck Drivers,-0.712,-0.036,-0.401,0.987,-0.365,-0.56,-1.952
1046,Light Truck or Delivery Services Drivers,-1.077,-1.098,-0.012,-0.018,-0.247,-0.825,-0.846
1047,Taxi Drivers and Chauffeurs,-1.116,-0.224,0.408,-0.12,-0.129,-0.57,-0.775
1049,Locomotive Engineers,0.11,-0.949,0.053,1.836,-0.396,-0.632,1.447
1050,Locomotive Firers,-0.076,-1.471,-0.263,1.563,-0.453,-0.669,0.664
1051,"Rail Yard Engineers, Dinkey Operators, and Hostlers",-0.041,-0.663,-0.139,1.361,-0.263,-0.266,1.586
1052,"Railroad Brake, Signal, and Switch Operators",-0.483,-0.726,0.005,1.991,-0.666,-0.377,0.559
1053,Railroad Conductors and Yardmasters,-0.053,-0.841,0.169,1.472,-1.267,-0.711,0.972
1054,Subway and Streetcar Operators,-0.633,-0.844,0.888,0.787,0.38,-1.171,-0.077
1056,Sailors and Marine Oilers,-0.78,0.486,-0.003,1.8,-0.184,-0.41,-0.03
1058,Ship and Boat Captains,0.556,1.178,-0.208,1.299,0.263,-0.264,0.329
1059,"Mates- Ship, Boat, and Barge",-0.145,0.717,0.002,1.728,-0.343,0.139,0.49
1060,"Pilots, Ship",0.829,-0.448,-0.013,2.059,-1.002,-0.445,1.449
1061,Motorboat Operators,-0.363,-0.086,0.482,0.839,0.498,-0.427,0.066
1062,Ship Engineers,1.12,-1.13,-0.049,2.016,-0.182,-0.153,0.029
1063,Bridge and Lock Tenders,-0.896,-0.12,0.256,0.243,-0.369,-0.997,-2.13
1064,Parking Lot Attendants,-1.673,-0.863,-0.207,0.135,-0.882,-0.796,-0.556
1065,Automotive and Watercraft Service Attendants,-0.463,-0.026,-0.024,1.403,0.078,-0.416,-0.02
1066,Traffic Technicians,0.21,-0.218,-0.457,0.124,-0.366,-0.482,0.103
1068,Aviation Inspectors,0.856,0.645,-0.092,0.453,0.101,-0.726,-1.008
1069,"Transportation Vehicle, Equipment and Systems Inspectors, Except Aviation",-0.531,-1.766,0.26,0.801,-0.787,-0.784,-0.045
1070,Freight and Cargo Inspectors,0.334,0.068,-0.215,0.578,-0.69,-1.064,-1.275
1071,"Transportation Attendants, Except Flight Attendants",-1.706,-0.038,1.407,-0.165,-1.205,-1.169,-1.237
1073,Conveyor Operators and Tenders,-1.125,-0.27,-0.069,0.772,-0.027,-0.448,-0.061
1074,Crane and Tower Operators,-0.438,-0.452,-0.497,1.611,-0.268,-0.182,0.48
1075,Dredge Operators,-1.106,-0.204,-0.348,1.152,-0.317,-0.371,-0.462
1076,Excavating and Loading Machine and Dragline Operators,-0.906,0.755,-0.764,1.546,0.696,-0.033,0.227
1077,"Loading Machine Operators, Underground Mining",-1.324,-1.432,0.232,1.77,-1.052,-0.555,0.877
1078,Hoist and Winch Operators,-0.37,-0.035,-0.738,1.783,-0.034,-0.453,1.209
1079,Industrial Truck and Tractor Operators,-1.377,-0.015,-0.399,1.604,-0.392,-0.246,0.309
1080,Cleaners of Vehicles and Equipment,-1.924,-1.719,0.101,1.09,-1.592,-0.45,-0.209
1081,"Laborers and Freight, Stock, and Material Movers, Hand",-1.592,-1.187,-1.071,0.188,-0.439,-0.606,1.154
1082,Machine Feeders and Offbearers,-1.781,-1.392,-0.295,0.21,-0.515,-0.494,-0.139
1083,"Packers and Packagers, Hand",-1.994,-0.326,-0.177,-0.069,-0.109,-0.324,0.217
1084,Gas Compressor and Gas Pumping Station Operators,0.1,0.081,-0.009,1.868,0.81,-0.294,0.597
1085,"Pump Operators, Except Wellhead Pumpers",-0.327,-0.68,-0.113,0.808,0.042,-0.82,0.862
1086,Wellhead Pumpers,0.141,-1.538,-0.049,1.903,-1.481,-0.813,-1.205
1087,Refuse and Recyclable Material Collectors,-0.892,-0.243,0.52,1.443,-0.105,-0.381,-1.572
1088,Mine Shuttle Car Operators,-1.581,-1.59,-0.544,1.724,-1.443,-0.002,0.291
1089,"Tank Car, Truck, and Ship Loaders",-0.487,0.236,-0.342,1.869,-0.408,-0.306,1.293
